,city,area_code,account_length,international_plan,voice_mail_plan,number_vmail_messages,total_day_minutes,total_day_calls,total_day_charge,total_eve_minutes,total_eve_calls,total_eve_charge,total_night_minutes,total_night_calls,total_night_charge,customer_service_calls,churn,phone_num,which_plan
7,Orlando1,321,27,no,no,0,227.4,67,38.66,248.0,115,21.08,61.4,109,2.76,1,0,1589,No plan
19,Orlando1,321,43,no,no,0,241.9,101,41.12,129.4,121,11.0,264.8,104,11.92,1,0,2849,No plan
36,Orlando1,321,56,no,no,0,253.2,95,43.04,188.0,116,15.98,142.0,133,6.39,1,0,3622,No plan
38,Orlando1,321,57,yes,yes,30,234.5,130,39.87,195.2,116,16.59,268.8,94,12.1,2,0,3782,International & Voicemail 
49,Orlando1,321,64,no,no,0,219.6,126,37.33,303.3,100,25.78,154.5,65,6.95,1,0,7728,No plan
66,Orlando1,321,70,no,no,0,230.3,110,39.15,77.9,87,6.62,247.1,105,11.12,1,0,7014,No plan
70,Orlando1,321,72,no,no,0,253.0,73,43.01,219.3,78,18.64,210.8,89,9.49,0,0,8385,No plan
71,Orlando1,321,72,no,yes,37,220.0,80,37.4,217.3,102,18.47,152.8,71,6.88,3,0,1407,Voicemail only
79,Orlando1,321,75,no,no,0,226.1,105,38.44,201.5,107,17.13,246.2,98,11.08,1,0,3359,No plan
81,Orlando1,321,75,no,yes,24,225.5,119,38.34,182.0,108,15.47,270.9,106,12.19,3,0,4171,Voicemail only
86,Orlando1,321,78,no,no,0,231.0,115,39.27,230.4,140,19.58,261.4,120,11.76,1,0,6101,No plan
87,Orlando1,321,78,no,no,0,252.9,93,42.99,178.4,112,15.16,263.9,105,11.88,3,0,9510,No plan
89,Orlando1,321,79,no,yes,17,236.7,95,40.24,263.5,56,22.4,259.6,107,11.68,1,0,4412,Voicemail only
95,Orlando1,321,83,no,yes,26,226.4,117,38.49,234.7,97,19.95,133.6,82,6.01,1,0,7460,Voicemail only
103,Orlando1,321,86,no,yes,33,253.1,112,43.03,210.1,94,17.86,95.0,98,4.27,3,0,3852,Voicemail only
105,Orlando1,321,87,no,no,0,223.2,109,37.94,127.5,86,10.84,289.3,83,13.02,3,0,2799,No plan
106,Orlando1,321,87,no,no,0,228.7,90,38.88,163.0,99,13.86,154.1,90,6.93,1,0,2887,No plan
107,Orlando1,321,87,no,no,0,231.3,105,39.32,171.7,108,14.59,67.7,136,3.05,1,0,4152,No plan
120,Orlando1,321,90,yes,no,0,221.8,97,37.71,203.8,134,17.32,215.8,154,9.71,1,0,7293,International only
124,Orlando1,321,92,no,no,0,249.4,118,42.4,211.5,95,17.98,169.0,116,7.61,0,0,9324,No plan
129,Orlando1,321,94,no,no,0,252.6,104,42.94,169.0,125,14.37,170.9,106,7.69,2,0,1765,No plan
130,Orlando1,321,94,yes,no,0,235.6,131,40.05,194.8,107,16.56,170.6,93,7.68,1,0,9254,International only
135,Orlando1,321,96,no,yes,45,248.8,124,42.3,140.3,77,11.93,263.6,102,11.86,3,0,9187,Voicemail only
150,Orlando1,321,101,no,no,0,232.7,114,39.56,186.4,123,15.84,153.3,122,6.9,5,0,2985,No plan
151,Orlando1,321,101,no,no,0,248.6,102,42.26,174.9,93,14.87,207.2,86,9.32,3,0,7234,No plan
158,Orlando1,321,102,no,no,0,242.2,88,41.17,233.2,89,19.82,188.5,121,8.48,3,0,2726,No plan
165,Orlando1,321,105,no,no,0,227.4,121,38.66,268.5,89,22.82,143.3,82,6.45,1,0,3806,No plan
167,Orlando1,321,105,no,yes,40,236.5,111,40.21,117.0,110,9.95,221.1,115,9.95,2,0,7857,Voicemail only
169,Orlando1,321,105,yes,no,0,228.4,100,38.83,145.1,108,12.33,245.3,140,11.04,0,0,4540,International only
177,Orlando1,321,108,no,no,0,239.3,102,40.68,223.4,127,18.99,251.4,104,11.31,0,0,4068,No plan
196,Orlando1,321,114,no,yes,31,222.8,98,37.88,180.5,105,15.34,151.3,101,6.81,0,0,4626,Voicemail only
199,Orlando1,321,115,no,no,0,245.2,105,41.68,159.0,109,13.52,229.9,74,10.35,0,0,3704,No plan
202,Orlando1,321,116,no,yes,34,268.6,83,45.66,178.2,142,15.15,166.3,106,7.48,2,0,3371,Voicemail only
210,Orlando1,321,119,no,no,0,222.8,122,37.88,163.2,107,13.87,160.6,112,7.23,1,0,7649,No plan
220,Orlando1,321,123,no,no,0,224.0,99,38.08,210.7,80,17.91,231.9,75,10.44,0,0,7560,No plan
223,Orlando1,321,124,no,no,0,254.3,113,43.23,78.9,104,6.71,153.2,69,6.89,2,0,5361,No plan
249,Orlando1,321,135,no,no,0,239.9,91,40.78,177.1,104,15.05,217.2,118,9.77,2,0,2524,No plan
255,Orlando1,321,138,no,no,0,230.1,107,39.12,212.0,120,18.02,174.9,119,7.87,1,0,4352,No plan
268,Orlando1,321,148,no,yes,33,241.7,84,41.09,165.8,84,14.09,160.6,80,7.23,1,0,9995,Voicemail only
272,Orlando1,321,151,no,no,0,235.9,104,40.1,80.6,91,6.85,212.8,116,9.58,3,0,4712,No plan
276,Orlando1,321,157,no,yes,29,219.2,102,37.26,206.0,109,17.51,192.4,117,8.66,1,0,6647,Voicemail only
281,Orlando1,321,161,no,no,0,221.7,95,37.69,193.0,82,16.41,194.1,113,8.73,3,0,8005,No plan
291,Orlando1,321,169,no,no,0,235.7,79,40.07,136.9,85,11.64,220.9,97,9.94,1,0,9239,No plan
294,Orlando1,321,173,no,yes,21,232.4,96,39.51,211.9,118,18.01,273.0,102,12.29,3,0,5819,Voicemail only
306,Orlando2,407,24,no,no,0,241.9,104,41.12,145.2,112,12.34,214.5,105,9.65,1,0,2077,No plan
314,Orlando2,407,37,no,yes,20,264.7,81,45.0,216.5,110,18.4,210.7,102,9.48,0,0,7404,Voicemail only
327,Orlando2,407,51,no,no,0,227.2,89,38.62,194.4,106,16.52,243.4,126,10.95,0,0,3740,No plan
328,Orlando2,407,51,no,yes,28,276.7,121,47.04,203.7,99,17.31,246.2,88,11.08,0,0,6986,Voicemail only
333,Orlando2,407,55,no,no,0,245.5,130,41.74,192.7,54,16.38,141.7,83,6.38,1,0,3761,No plan
334,Orlando2,407,55,yes,no,0,221.0,115,37.57,165.4,97,14.06,235.4,117,10.59,1,0,7562,International only
348,Orlando2,407,60,no,no,0,252.7,97,42.96,221.1,121,18.79,109.9,100,4.95,2,0,1852,No plan
365,Orlando2,407,67,no,no,0,310.4,97,52.77,66.5,123,5.65,246.5,99,11.09,4,0,6784,No plan
368,Orlando2,407,68,no,no,0,226.7,94,38.54,168.4,129,14.31,188.7,117,8.49,0,0,1525,No plan
384,Orlando2,407,75,no,no,0,224.7,116,38.2,192.0,79,16.32,212.2,98,9.55,3,0,2091,No plan
398,Orlando2,407,79,no,yes,21,264.3,79,44.93,202.8,118,17.24,173.4,92,7.8,4,0,1647,Voicemail only
401,Orlando2,407,81,no,no,0,220.8,77,37.54,148.5,87,12.62,183.9,100,8.28,2,0,4200,No plan
412,Orlando2,407,86,no,no,0,217.8,93,37.03,214.7,95,18.25,228.7,70,10.29,0,0,1132,No plan
413,Orlando2,407,86,no,no,0,223.9,75,38.06,155.7,109,13.23,150.2,143,6.76,1,0,1337,No plan
421,Orlando2,407,90,no,no,0,222.0,93,37.74,187.0,103,15.9,282.3,124,12.7,2,0,5679,No plan
437,Orlando2,407,96,no,yes,27,261.3,96,44.42,220.9,101,18.78,179.4,97,8.07,1,0,2881,Voicemail only
442,Orlando2,407,97,no,no,0,239.8,125,40.77,214.8,111,18.26,143.3,81,6.45,2,0,3266,No plan
444,Orlando2,407,98,no,no,0,288.1,101,48.98,137.9,93,11.72,206.5,88,9.29,0,0,7452,No plan
448,Orlando2,407,99,no,no,0,254.4,120,43.25,159.3,92,13.54,264.4,94,11.9,1,0,6628,No plan
454,Orlando2,407,100,yes,no,0,219.4,112,37.3,225.7,102,19.18,255.3,95,11.49,4,0,9449,International only
460,Orlando2,407,102,no,no,0,224.7,81,38.2,129.4,112,11.0,167.6,109,7.54,1,0,7622,No plan
469,Orlando2,407,106,no,no,0,223.0,121,37.91,110.1,98,9.36,188.7,107,8.49,0,0,1567,No plan
481,Orlando2,407,111,no,no,0,246.5,108,41.91,216.3,89,18.39,179.6,99,8.08,2,0,6438,No plan
484,Orlando2,407,112,no,no,0,261.4,108,44.44,154.5,102,13.13,130.9,90,5.89,1,0,5286,No plan
493,Orlando2,407,115,no,yes,29,222.6,81,37.84,190.3,109,16.18,201.2,87,9.05,1,0,6669,Voicemail only
500,Orlando2,407,116,no,no,0,229.3,93,38.98,184.5,111,15.68,168.2,91,7.57,2,0,2478,No plan
501,Orlando2,407,116,no,no,0,245.9,73,41.8,240.1,87,20.41,158.7,89,7.14,3,0,6832,No plan
502,Orlando2,407,116,no,yes,24,232.9,90,39.59,152.1,94,12.93,344.3,82,15.49,1,0,2929,Voicemail only
503,Orlando2,407,116,no,yes,44,230.6,94,39.2,224.1,103,19.05,244.0,76,10.98,0,0,5639,Voicemail only
507,Orlando2,407,120,no,no,0,221.3,106,37.62,267.6,98,22.75,111.5,80,5.02,0,0,4052,No plan
508,Orlando2,407,120,no,no,0,252.1,110,42.86,226.1,103,19.22,155.6,83,7.0,1,0,5547,No plan
523,Orlando2,407,126,yes,yes,34,244.9,118,41.63,219.6,105,18.67,210.8,136,9.49,4,0,3722,International & Voicemail 
541,Orlando2,407,133,no,no,0,227.4,90,38.66,73.2,135,6.22,114.3,99,5.14,0,0,3194,No plan
543,Orlando2,407,133,no,yes,39,239.9,107,40.78,253.8,77,21.57,128.7,85,5.79,5,0,1464,Voicemail only
549,Orlando2,407,135,no,no,0,218.8,123,37.2,242.8,64,20.64,85.8,80,3.86,4,0,2947,No plan
557,Orlando2,407,138,no,no,0,220.2,89,37.43,88.3,125,7.51,195.3,79,8.79,0,0,5751,No plan
558,Orlando2,407,138,no,no,0,241.8,93,41.11,170.5,83,14.49,295.3,104,13.29,3,0,1231,No plan
562,Orlando2,407,139,no,no,0,271.6,130,46.17,156.0,131,13.26,136.3,108,6.13,2,0,9766,No plan
566,Orlando2,407,142,no,no,0,232.5,74,39.53,181.8,142,15.45,203.1,86,9.14,4,0,4617,No plan
567,Orlando2,407,142,no,yes,26,220.5,94,37.49,239.5,126,20.36,254.3,109,11.44,2,0,4936,Voicemail only
580,Orlando2,407,155,yes,no,0,250.8,146,42.64,152.5,105,12.96,148.1,104,6.66,2,0,9531,International only
581,Orlando2,407,156,yes,no,0,277.0,119,47.09,238.3,106,20.26,94.4,96,4.25,1,0,4518,International only
592,Orlando2,407,174,no,no,0,239.2,72,40.66,188.5,124,16.02,105.6,116,4.75,1,0,5580,No plan
595,Orlando2,407,181,no,no,0,229.9,130,39.08,144.4,93,12.27,262.4,110,11.81,2,0,6304,No plan
602,Orlando2,407,197,no,no,0,233.9,96,39.76,218.9,111,18.61,182.9,109,8.23,0,0,2922,No plan
610,Miami1,305,27,no,no,0,236.7,110,40.24,231.9,92,19.71,164.7,85,7.41,1,0,4557,No plan
612,Miami1,305,30,no,no,0,247.4,107,42.06,175.9,76,14.95,287.4,90,12.93,0,0,8088,No plan
614,Miami1,305,32,no,yes,26,243.5,137,41.4,236.8,108,20.13,173.3,149,7.8,1,0,9563,Voicemail only
627,Miami1,305,48,no,no,0,300.4,94,51.07,133.2,103,11.32,197.4,94,8.88,2,0,6696,No plan
630,Miami1,305,49,no,no,0,236.6,91,40.22,220.9,146,18.78,146.8,114,6.61,1,0,8970,No plan
632,Miami1,305,50,no,no,0,301.7,82,51.29,167.1,118,14.2,72.2,89,3.25,1,0,9037,No plan
634,Miami1,305,50,no,yes,31,302.7,93,51.46,240.5,119,20.44,193.9,103,8.73,3,0,6436,Voicemail only
640,Miami1,305,55,no,no,0,286.7,100,48.74,134.4,121,11.42,192.9,122,8.68,2,0,5478,No plan
644,Miami1,305,58,no,no,0,234.8,89,39.92,106.8,131,9.08,178.5,122,8.03,0,0,1560,No plan
654,Miami1,305,65,no,yes,31,282.3,70,47.99,152.0,89,12.92,225.5,93,10.15,1,0,7484,Voicemail only
655,Miami1,305,66,no,no,0,256.3,135,43.57,180.2,106,15.32,187.3,135,8.43,2,0,2377,No plan
656,Miami1,305,66,no,yes,26,254.9,108,43.33,243.2,135,20.67,190.8,95,8.59,2,0,4145,Voicemail only
660,Miami1,305,68,no,no,0,237.1,105,40.31,223.5,105,19.0,97.4,79,4.38,1,0,9398,No plan
666,Miami1,305,71,no,no,0,277.5,104,47.18,131.8,121,11.2,126.9,101,5.71,1,0,4265,No plan
669,Miami1,305,72,no,no,0,272.4,88,46.31,107.9,125,9.17,185.5,81,8.35,0,0,9830,No plan
672,Miami1,305,74,no,no,0,225.2,93,38.28,215.1,120,18.28,241.8,95,10.88,2,0,6278,No plan
677,Miami1,305,76,no,no,0,224.4,121,38.15,147.9,97,12.57,183.8,74,8.27,2,0,1506,No plan
681,Miami1,305,77,no,no,0,221.8,84,37.71,166.0,125,14.11,210.2,72,9.46,1,0,5701,No plan
687,Miami1,305,78,no,no,0,225.1,67,38.27,199.2,127,16.93,175.5,102,7.9,0,0,5406,No plan
692,Miami1,305,80,no,no,0,239.9,121,40.78,142.3,51,12.1,364.3,106,16.39,1,0,5006,No plan
695,Miami1,305,81,yes,no,0,227.4,105,38.66,211.5,120,17.98,258.2,113,11.62,0,0,7861,International only
697,Miami1,305,82,no,no,0,265.2,122,45.08,178.7,102,15.19,174.7,90,7.86,2,0,5579,No plan
700,Miami1,305,83,no,no,0,227.9,78,38.74,207.5,115,17.64,211.7,100,9.53,1,0,9480,No plan
704,Miami1,305,85,no,no,0,259.8,85,44.17,242.3,117,20.6,168.8,72,7.6,0,0,5662,No plan
706,Miami1,305,86,no,yes,29,225.4,79,38.32,187.1,112,15.9,281.1,112,12.65,1,0,3448,Voicemail only
709,Miami1,305,87,no,yes,22,240.8,102,40.94,75.9,106,6.45,224.6,115,10.11,2,0,1898,Voicemail only
718,Miami1,305,91,no,yes,31,273.0,78,46.41,215.5,98,18.32,104.7,114,4.71,1,0,8103,Voicemail only
730,Miami1,305,96,no,no,0,260.4,115,44.27,146.0,46,12.41,269.5,87,12.13,5,0,4596,No plan
734,Miami1,305,98,yes,yes,23,245.5,54,41.74,292.7,83,24.88,184.0,90,8.28,1,0,7155,International & Voicemail 
739,Miami1,305,99,no,yes,31,244.1,71,41.5,203.4,58,17.29,234.0,115,10.53,3,0,5076,Voicemail only
741,Miami1,305,100,no,yes,27,221.7,100,37.69,236.1,70,20.07,192.7,91,8.67,0,0,8732,Voicemail only
743,Miami1,305,101,no,no,0,253.2,89,43.04,237.9,114,20.22,154.3,85,6.94,4,0,5511,No plan
746,Miami1,305,102,yes,no,0,233.8,103,39.75,221.6,131,18.84,146.9,106,6.61,0,0,6560,International only
761,Miami1,305,110,no,no,0,227.7,88,38.71,170.0,96,14.45,128.7,57,5.79,1,0,5516,No plan
762,Miami1,305,110,no,yes,38,236.3,102,40.17,195.9,112,16.65,183.5,82,8.26,,0,8845,Voicemail only
768,Miami1,305,112,no,yes,31,225.2,89,38.28,256.8,117,21.83,249.7,87,11.24,4,0,5601,Voicemail only
777,Miami1,305,116,no,yes,12,221.0,108,37.57,151.0,118,12.84,179.0,80,8.06,2,0,2733,Voicemail only
782,Miami1,305,118,no,yes,23,289.5,52,49.22,166.6,111,14.16,119.1,88,5.36,1,0,6496,Voicemail only
784,Miami1,305,119,no,no,,230.4,117,39.17,225.0,101,19.13,198.5,111,8.93,3,0,4795,No plan
792,Miami1,305,123,no,yes,27,218.7,79,37.18,163.4,78,13.89,173.8,116,7.82,0,0,9728,Voicemail only
795,Miami1,305,124,yes,no,0,244.6,89,41.58,188.8,80,16.05,206.0,114,9.27,1,0,6374,International only
799,Miami1,305,125,no,yes,34,268.4,112,45.63,222.2,108,18.89,117.6,102,5.29,0,0,9677,Voicemail only
800,Miami1,305,126,no,no,0,226.2,88,38.45,140.3,114,11.93,208.9,110,9.4,0,0,3229,No plan
803,Miami1,305,127,no,no,0,218.6,93,37.16,149.9,130,12.74,204.6,131,9.21,2,0,9365,No plan
806,Miami1,305,127,yes,no,0,256.5,87,43.61,222.1,101,18.88,156.7,122,7.05,1,0,1413,International only
822,Miami1,305,133,no,no,0,221.1,133,37.59,160.2,140,13.62,161.8,84,7.28,4,0,4007,No plan
824,Miami1,305,134,no,no,0,242.4,126,41.21,152.9,115,13.0,318.3,115,14.32,1,0,9000,No plan
833,Miami1,305,141,yes,yes,37,258.6,84,43.96,222.0,111,18.87,326.4,97,14.69,0,0,8173,International & Voicemail 
835,Miami1,305,142,no,yes,22,224.4,114,38.15,146.0,106,12.41,241.4,98,10.86,1,0,1105,Voicemail only
836,Miami1,305,142,no,yes,24,239.8,103,40.77,285.9,65,24.3,256.7,106,11.55,0,0,3227,Voicemail only
847,Miami1,305,155,no,yes,23,243.9,112,41.46,133.0,106,11.31,213.7,123,9.62,2,0,1206,Voicemail only
850,Miami1,305,161,no,yes,38,240.4,112,40.87,201.8,102,17.15,206.1,112,9.27,0,0,9234,Voicemail only
854,Miami1,305,167,yes,no,0,219.1,100,37.25,242.9,90,20.65,168.9,101,7.6,2,0,3618,International only
855,Miami1,305,167,yes,no,0,244.8,91,41.62,60.8,105,5.17,176.7,110,7.95,2,0,8772,International only
858,Miami1,305,170,yes,no,0,259.9,68,44.18,245.0,122,20.83,134.4,121,6.05,3,0,1639,International only
868,Miami2,786,13,no,yes,31,265.3,94,45.1,147.6,95,12.55,259.3,117,11.67,1,0,9421,Voicemail only
869,Miami2,786,21,no,no,0,225.0,110,38.25,244.2,111,20.76,221.2,93,9.95,0,0,3606,No plan
873,Miami2,786,27,no,no,0,232.1,81,39.46,210.8,101,17.92,165.4,87,7.44,5,0,2840,No plan
875,Miami2,786,28,no,no,0,236.8,102,40.26,167.1,87,14.2,280.2,115,12.61,3,0,5014,No plan
879,Miami2,786,33,no,no,0,251.9,81,42.82,194.6,96,16.54,211.2,87,9.5,2,0,9602,No plan
883,Miami2,786,36,no,yes,29,281.4,102,47.84,202.2,76,17.19,187.2,113,8.42,2,0,3637,Voicemail only
884,Miami2,786,37,no,no,0,233.7,114,39.73,207.9,109,17.67,212.7,101,9.57,2,0,7604,No plan
902,Miami2,786,55,no,yes,8,222.5,104,37.83,171.5,94,14.58,377.5,114,16.99,1,0,7342,Voicemail only
903,Miami2,786,56,no,no,0,226.0,112,38.42,248.5,118,21.12,140.5,142,6.32,1,0,6293,No plan
904,Miami2,786,58,no,yes,29,240.4,80,40.87,118.9,91,10.11,164.2,108,7.39,1,0,9301,Voicemail only
910,Miami2,786,62,no,no,0,281.0,66,47.77,160.6,108,13.65,77.9,74,3.51,1,0,6373,No plan
917,Miami2,786,64,no,yes,19,291.1,150,49.49,226.7,123,19.27,219.1,67,9.86,1,0,7757,Voicemail only
920,Miami2,786,64,no,yes,31,228.6,88,38.86,248.5,109,21.12,167.1,124,7.52,3,0,7108,Voicemail only
930,Miami2,786,70,no,no,0,232.1,122,39.46,292.3,112,24.85,201.2,112,9.05,3,0,4582,No plan
931,Miami2,786,70,no,yes,24,249.5,101,42.42,259.7,98,22.07,222.7,68,10.02,1,0,1530,Voicemail only
961,Miami2,786,85,no,no,0,255.3,114,43.4,194.6,83,16.54,276.6,78,12.45,3,0,1208,No plan
962,Miami2,786,85,no,yes,21,283.2,110,48.14,239.7,108,20.37,149.5,80,6.73,5,0,6668,Voicemail only
973,Miami2,786,88,no,yes,17,219.5,78,37.32,222.1,94,18.88,188.3,92,8.47,1,0,1558,Voicemail only
984,Miami2,786,92,no,no,0,265.6,82,45.15,180.7,75,15.36,211.1,113,9.5,1,0,2916,No plan
985,Miami2,786,92,no,yes,38,242.2,96,41.17,159.7,144,13.57,210.0,108,9.45,1,0,7366,Voicemail only
992,Miami2,786,94,yes,no,0,243.2,109,41.34,147.0,88,12.5,94.9,99,4.27,4,0,3046,International only
995,Miami2,786,95,no,yes,39,260.8,130,44.34,213.4,111,18.14,195.6,97,8.8,1,0,4236,Voicemail only
997,Miami2,786,97,no,no,0,218.0,86,37.06,184.0,94,15.64,240.5,110,10.82,3,0,4030,No plan
1012,Miami2,786,100,no,yes,33,218.7,104,37.18,155.0,144,13.18,99.0,117,4.46,1,0,2166,Voicemail only
1018,Miami2,786,104,no,no,0,263.4,101,44.78,235.5,117,20.02,102.0,146,4.59,0,0,4637,No plan
1025,Miami2,786,107,yes,no,0,234.1,91,39.8,163.1,105,13.86,282.5,100,12.71,1,0,9688,International only
1037,Miami2,786,112,no,yes,23,286.6,79,48.72,315.3,102,26.8,193.9,101,8.73,1,0,9504,Voicemail only
1047,Miami2,786,116,no,yes,23,253.0,78,43.01,138.9,121,11.81,277.8,104,12.5,2,0,9279,Voicemail only
1051,Miami2,786,117,no,no,0,239.9,84,40.78,174.8,106,14.86,209.5,93,9.43,0,0,4404,No plan
1057,Miami2,786,118,no,no,0,224.6,94,38.18,225.9,120,19.2,269.0,105,12.11,2,0,3427,No plan
1065,Miami2,786,120,no,yes,26,239.4,94,40.7,259.4,88,22.05,238.0,132,10.71,0,0,8187,Voicemail only
1078,Miami2,786,123,no,no,0,260.9,85,44.35,168.5,103,14.32,178.3,91,8.02,3,0,6594,No plan
1097,Miami2,786,136,yes,no,0,256.8,90,43.66,230.1,104,19.56,143.6,82,6.46,3,0,8596,International only
1100,Miami2,786,137,no,no,0,243.4,114,41.38,121.2,110,10.3,162.6,104,7.32,0,0,1921,No plan
1105,Miami2,786,138,yes,yes,17,225.2,116,38.28,173.4,88,14.74,145.8,99,6.56,0,0,7485,International & Voicemail 
1110,Miami2,786,140,no,no,0,235.5,81,40.04,257.2,130,21.86,103.1,111,4.64,2,0,8180,No plan
1113,Miami2,786,142,no,yes,40,230.7,101,39.22,256.8,88,21.83,263.9,92,11.88,1,0,6221,Voicemail only
1117,Miami2,786,147,no,yes,33,251.5,107,42.76,234.1,110,19.9,213.4,87,9.6,3,0,7205,Voicemail only
1120,Miami2,786,148,yes,no,0,218.9,88,37.21,208.0,85,17.68,203.3,99,9.15,0,0,3915,International only
1136,Miami2,786,161,no,yes,39,218.5,76,37.15,112.7,94,9.58,205.1,121,9.23,1,0,8086,Voicemail only
1138,Miami2,786,163,no,no,0,223.0,120,37.91,227.0,98,19.3,188.3,125,8.47,1,0,1840,No plan
1139,Miami2,786,164,no,yes,25,219.1,88,37.25,151.5,99,12.88,50.1,60,2.25,1,0,3497,Voicemail only
1147,Miami2,786,176,no,no,0,250.9,108,42.65,171.4,100,14.57,148.6,85,6.69,2,0,7654,No plan
1148,Miami2,786,178,no,no,0,275.4,150,46.82,187.5,62,15.94,147.1,126,6.62,1,0,4587,No plan
1162,Jacksonville,904,10,no,no,0,222.2,127,37.77,153.1,125,13.01,227.4,80,10.23,1,0,5697,No plan
1164,Jacksonville,904,18,no,no,0,273.6,93,46.51,114.6,116,9.74,250.6,120,11.28,1,0,7898,No plan
1173,Jacksonville,904,35,no,yes,27,241.7,87,41.09,142.0,101,12.07,288.9,68,13.0,1,0,7627,Voicemail only
1176,Jacksonville,904,37,no,no,0,221.0,126,37.57,204.5,110,17.38,118.0,98,5.31,4,0,2238,No plan
1192,Jacksonville,904,50,no,yes,22,252.9,112,42.99,177.9,99,15.12,158.4,146,7.13,3,0,2107,Voicemail only
1194,Jacksonville,904,50,yes,yes,26,307.1,94,52.21,289.4,78,24.6,174.9,109,7.87,0,0,5891,International & Voicemail 
1203,Jacksonville,904,57,no,no,0,221.1,101,37.59,236.7,65,20.12,252.3,137,11.35,0,0,3139,No plan
1211,Jacksonville,904,62,no,no,0,245.3,91,41.7,122.9,130,10.45,228.4,102,10.28,4,0,5423,No plan
1217,Jacksonville,904,64,no,no,0,224.8,111,38.22,190.0,101,16.15,221.4,110,9.96,1,0,6943,No plan
1225,Jacksonville,904,67,no,yes,20,230.6,40,39.2,189.1,58,16.07,162.2,115,7.3,1,0,9027,Voicemail only
1226,Jacksonville,904,67,no,yes,35,245.4,89,41.72,148.2,102,12.6,274.0,136,12.33,1,0,4929,Voicemail only
1236,Jacksonville,904,73,no,no,0,241.7,115,41.09,168.5,133,14.32,169.8,122,7.64,2,0,6248,No plan
1237,Jacksonville,904,73,no,no,0,254.7,80,43.3,90.2,79,7.67,153.4,60,6.9,0,0,1412,No plan
1240,Jacksonville,904,74,no,no,0,221.1,124,37.59,110.8,94,9.42,240.1,112,10.8,0,0,9696,No plan
1241,Jacksonville,904,74,no,no,0,262.3,114,44.59,198.9,96,16.91,165.9,90,7.47,3,0,6533,No plan
1247,Jacksonville,904,77,no,no,0,233.8,104,39.75,266.5,94,22.65,212.7,104,9.57,,0,8814,No plan
1248,Jacksonville,904,77,no,no,0,239.2,114,40.66,150.0,115,12.75,160.8,81,7.24,5,0,1252,No plan
1257,Jacksonville,904,79,no,no,0,220.9,107,37.55,192.2,97,16.34,161.0,74,7.25,1,0,9569,No plan
1266,Jacksonville,904,83,no,no,0,231.3,100,39.32,210.4,84,17.88,217.4,106,9.78,3,0,6145,No plan
1267,Jacksonville,904,85,no,no,0,222.3,132,37.79,231.5,101,19.68,223.5,75,10.06,3,0,1962,No plan
1270,Jacksonville,904,87,no,no,0,237.2,124,40.32,222.6,87,18.92,173.3,81,7.8,1,0,6585,No plan
1271,Jacksonville,904,87,no,no,0,238.0,97,40.46,164.5,97,13.98,282.5,132,12.71,2,0,4184,No plan
1272,Jacksonville,904,87,yes,yes,40,221.6,79,37.67,157.1,74,13.35,222.4,124,10.01,1,0,4147,International & Voicemail 
1283,Jacksonville,904,91,no,no,0,217.9,71,37.04,230.1,116,19.56,232.1,110,10.44,1,0,3176,No plan
1289,Jacksonville,904,92,yes,no,0,264.3,91,44.93,160.9,115,13.68,198.6,73,8.94,0,0,9401,International only
1290,Jacksonville,904,92,yes,yes,45,281.1,88,47.79,198.0,103,16.83,94.3,76,4.24,0,0,9522,International & Voicemail 
1303,Jacksonville,904,95,no,no,0,238.1,65,40.48,187.2,98,15.91,190.0,115,8.55,4,0,2577,No plan
1312,Jacksonville,904,97,no,no,0,217.6,81,36.99,320.5,51,27.24,150.7,110,6.78,0,0,2728,No plan
1321,Jacksonville,904,99,no,no,0,222.4,102,37.81,185.8,89,15.79,237.7,81,10.7,2,0,8205,No plan
1322,Jacksonville,904,99,no,no,0,238.4,96,40.53,246.5,130,20.95,198.4,117,8.93,3,0,7334,No plan
1324,Jacksonville,904,100,no,no,0,235.8,130,40.09,176.0,69,14.96,63.6,122,2.86,2,0,2114,No plan
1330,Jacksonville,904,101,no,yes,28,220.3,96,37.45,285.8,72,24.29,203.0,111,9.14,4,0,9127,Voicemail only
1336,Jacksonville,904,105,no,no,0,251.6,88,42.77,175.1,103,14.88,184.4,112,8.3,1,0,1891,No plan
1342,Jacksonville,904,107,no,yes,25,248.6,91,42.26,119.3,115,10.14,194.3,83,8.74,1,0,8330,Voicemail only
1343,Jacksonville,904,107,no,yes,38,219.4,92,37.3,180.5,73,15.34,104.1,91,4.68,2,0,3095,Voicemail only
1354,Jacksonville,904,112,no,no,0,243.4,77,41.38,182.1,97,15.48,259.2,94,11.66,1,0,1383,No plan
1366,Jacksonville,904,116,no,no,0,217.3,91,36.94,216.1,95,18.37,148.1,76,6.66,2,0,9128,No plan
1371,Jacksonville,904,118,no,no,0,253.2,122,43.04,201.0,78,17.09,195.3,108,8.79,2,0,8526,No plan
1377,Jacksonville,904,119,no,yes,27,220.1,128,37.42,268.2,133,22.8,146.5,80,6.59,0,0,7922,Voicemail only
1392,Jacksonville,904,123,no,yes,34,305.2,80,51.88,156.5,109,13.3,280.0,81,12.6,1,0,3016,Voicemail only
1394,Jacksonville,904,124,no,yes,28,251.4,104,42.74,225.1,89,19.13,251.9,121,11.34,1,0,1649,Voicemail only
1395,Jacksonville,904,125,no,no,0,224.9,102,38.23,143.8,87,12.22,198.9,105,8.95,0,0,1821,No plan
1399,Jacksonville,904,126,no,no,0,228.7,102,38.88,168.7,99,14.34,223.5,100,10.06,1,0,4309,No plan
1400,Jacksonville,904,126,no,no,0,256.5,112,43.61,199.5,90,16.96,188.3,122,8.47,3,0,9663,No plan
1404,Jacksonville,904,127,no,no,0,239.8,107,40.77,128.9,121,10.96,249.9,110,11.25,1,0,6695,No plan
1406,Jacksonville,904,127,no,yes,28,235.6,124,40.05,236.8,113,20.13,241.2,127,10.85,1,0,7684,Voicemail only
1418,Jacksonville,904,132,no,no,0,240.1,115,40.82,180.4,91,15.33,133.4,122,6.0,3,0,7903,No plan
1424,Jacksonville,904,137,no,no,0,242.1,118,41.16,191.0,93,16.24,218.6,50,9.84,3,0,5732,No plan
1434,Jacksonville,904,141,no,no,0,242.8,90,41.28,234.1,80,19.9,211.5,104,9.52,5,0,6773,No plan
1437,Jacksonville,904,144,no,yes,37,219.9,102,37.38,222.1,77,18.88,118.5,111,5.33,1,0,2451,Voicemail only
1438,Jacksonville,904,144,no,yes,51,283.9,98,48.26,192.0,109,16.32,196.3,85,8.83,1,0,4484,Voicemail only
1439,Jacksonville,904,145,no,no,0,229.6,82,39.03,138.1,103,11.74,250.8,109,11.29,1,0,6559,No plan
1458,Jacksonville,904,154,no,yes,35,224.0,102,38.08,192.0,99,16.32,163.1,100,7.34,0,0,4216,Voicemail only
1469,Jacksonville,904,162,no,yes,46,224.9,97,38.23,188.2,84,16.0,254.6,61,11.46,0,0,7170,Voicemail only
1478,Jacksonville,904,176,no,yes,23,283.2,130,48.14,162.6,74,13.82,177.7,104,8.0,1,0,2402,Voicemail only
1480,Jacksonville,904,177,no,yes,27,230.2,106,39.13,196.1,78,16.67,215.4,108,9.69,1,0,7679,Voicemail only
1488,Jacksonville,904,196,no,no,0,234.0,109,39.78,249.5,114,21.21,173.1,70,7.79,2,0,2373,No plan
1494,Tampa,813,6,no,no,0,226.5,93,38.51,152.1,122,12.93,164.4,98,7.4,3,0,1331,No plan
1503,Tampa,813,24,no,yes,29,236.3,105,40.17,190.8,114,16.22,129.0,105,5.81,3,0,9396,Voicemail only
1513,Tampa,813,41,no,no,0,237.8,92,40.43,223.5,155,19.0,217.4,90,9.78,2,0,6906,No plan
1514,Tampa,813,43,no,no,0,230.2,147,39.13,186.7,121,15.87,128.4,100,5.78,0,0,5320,No plan
1515,Tampa,813,44,no,yes,34,221.8,105,37.71,161.7,85,13.74,227.7,62,10.25,0,0,6639,Voicemail only
1540,Tampa,813,64,no,no,0,219.2,73,37.26,167.0,65,14.2,161.4,119,7.26,1,0,2949,No plan
1544,Tampa,813,67,no,no,0,260.4,107,44.27,208.2,104,17.7,207.9,115,9.36,6,0,5370,No plan
1548,Tampa,813,69,no,no,0,227.0,122,38.59,258.7,111,21.99,169.7,87,7.64,2,0,8880,No plan
1551,Tampa,813,72,no,no,0,217.8,93,37.03,189.7,113,16.12,182.6,91,8.22,4,0,4806,No plan
1556,Tampa,813,73,no,no,0,240.3,130,40.85,162.5,83,13.81,231.9,136,10.44,0,0,8786,No plan
1569,Tampa,813,82,no,yes,34,232.6,121,39.54,153.2,115,13.02,286.7,77,12.9,3,0,7204,Voicemail only
1570,Tampa,813,83,no,no,0,221.4,103,37.64,231.8,103,19.7,122.5,100,5.51,3,0,4384,No plan
1571,Tampa,813,83,no,no,0,259.7,106,44.15,152.7,116,12.98,224.7,92,10.11,0,0,2294,No plan
1591,Tampa,813,91,no,no,0,231.8,120,39.41,150.6,106,12.8,269.2,129,12.11,3,0,5337,No plan
1601,Tampa,813,94,no,yes,28,233.2,88,39.64,113.3,102,9.63,118.0,71,5.31,0,0,8505,Voicemail only
1602,Tampa,813,95,no,no,0,237.3,83,40.34,154.0,65,13.09,237.0,105,10.67,1,0,2190,No plan
1603,Tampa,813,95,no,yes,32,262.2,123,44.57,165.2,82,14.04,194.3,57,8.74,0,0,4627,Voicemail only
1612,Tampa,813,99,no,no,0,241.1,72,40.99,155.6,98,13.23,188.2,109,8.47,1,0,2284,No plan
1615,Tampa,813,100,no,yes,25,246.6,94,41.92,141.4,112,12.02,189.8,109,8.54,1,0,3447,Voicemail only
1618,Tampa,813,101,no,no,0,231.3,87,39.32,224.7,88,19.1,214.6,69,9.66,1,0,9968,No plan
1619,Tampa,813,101,no,yes,23,262.2,101,44.57,157.0,80,13.35,129.1,100,5.81,1,0,9009,Voicemail only
1624,Tampa,813,102,no,no,0,271.1,80,46.09,172.0,133,14.62,169.2,105,7.61,1,0,7362,No plan
1625,Tampa,813,103,no,no,0,263.4,118,44.78,179.1,69,15.22,214.7,112,9.66,0,0,4845,No plan
1632,Tampa,813,104,no,no,0,278.4,106,47.33,81.0,113,6.89,163.2,137,7.34,1,0,4467,No plan
1633,Tampa,813,105,no,no,0,246.4,83,41.89,256.2,101,21.78,169.0,151,7.61,0,0,2108,No plan
1634,Tampa,813,105,no,no,0,259.3,96,44.08,175.2,97,14.89,222.4,36,10.01,3,0,3145,No plan
1639,Tampa,813,107,no,yes,22,281.1,83,47.79,143.7,130,12.21,239.4,128,10.77,1,0,9943,Voicemail only
1640,Tampa,813,107,yes,no,0,273.5,104,46.5,183.8,68,15.62,153.8,67,6.92,2,0,8875,International only
1644,Tampa,813,108,no,yes,30,276.6,99,47.02,220.1,113,18.71,177.9,95,8.01,2,0,7624,Voicemail only
1659,Tampa,813,114,no,yes,36,309.9,90,52.68,200.3,89,17.03,183.5,105,8.26,1,0,7369,Voicemail only
1660,Tampa,813,115,no,no,0,268.0,115,45.56,153.6,106,13.06,232.3,65,10.45,3,0,1400,No plan
1668,Tampa,813,120,no,yes,23,221.9,114,37.72,254.7,84,21.65,250.5,117,11.27,2,0,5441,Voicemail only
1669,Tampa,813,122,no,no,0,232.5,96,39.53,205.5,120,17.47,213.7,91,9.62,0,0,5920,No plan
1672,Tampa,813,124,no,no,0,253.5,104,43.1,117.9,123,10.02,248.5,104,11.18,0,0,1406,No plan
1675,Tampa,813,125,no,yes,39,236.1,107,40.14,289.2,110,24.58,175.4,107,7.89,2,0,6342,Voicemail only
1677,Tampa,813,127,no,no,0,224.3,112,38.13,185.7,103,15.78,159.4,83,7.17,2,0,6769,No plan
1679,Tampa,813,128,no,yes,25,265.1,110,45.07,197.4,99,16.78,244.7,91,11.01,1,0,4657,Voicemail only
1692,Tampa,813,135,no,no,0,246.8,129,41.96,187.8,121,15.96,154.5,109,6.95,1,0,1713,No plan
1693,Tampa,813,135,no,yes,27,273.4,141,46.48,154.0,99,13.09,245.8,112,11.06,1,0,6033,Voicemail only
1696,Tampa,813,138,no,no,0,240.8,104,40.94,144.5,92,12.28,125.7,98,5.66,0,0,6334,No plan
1707,Tampa,813,145,no,no,0,241.7,137,41.09,135.8,100,11.54,277.6,123,12.49,0,0,8769,No plan
1710,Tampa,813,147,no,yes,36,254.2,78,43.21,228.1,105,19.39,98.0,125,4.41,5,0,7009,Voicemail only
1711,Tampa,813,148,no,yes,26,244.9,150,41.63,118.0,138,10.03,236.0,91,10.62,2,0,7937,Voicemail only
1719,Tampa,813,153,no,yes,31,218.5,130,37.15,134.2,103,11.41,118.9,105,5.35,0,0,1631,Voicemail only
1721,Tampa,813,156,no,no,0,237.7,122,40.41,181.5,91,15.43,185.7,151,8.36,1,0,8669,No plan
1731,Tampa,813,172,no,yes,47,274.9,102,46.73,186.6,118,15.86,245.0,123,11.03,1,0,5962,Voicemail only
1733,Tampa,813,177,no,no,0,232.8,106,39.58,175.2,97,14.89,212.2,77,9.55,2,0,8809,No plan
1734,Tampa,813,179,no,no,0,234.5,134,39.87,164.2,94,13.96,191.4,72,8.61,1,0,5132,No plan
1744,West Palm Beach,561,8,no,yes,36,242.9,67,41.29,170.9,59,14.53,177.3,130,7.98,1,0,2245,Voicemail only
1747,West Palm Beach,561,13,no,no,0,220.4,100,37.47,211.2,79,17.95,259.3,112,11.67,2,0,4293,No plan
1755,West Palm Beach,561,32,no,yes,26,266.7,109,45.34,232.3,107,19.75,212.8,98,9.58,1,0,7565,Voicemail only
1759,West Palm Beach,561,36,no,no,0,235.1,97,39.97,196.8,104,16.73,259.7,110,11.69,3,0,8382,No plan
1760,West Palm Beach,561,36,no,no,0,253.4,77,43.08,182.4,151,15.5,275.8,103,12.41,1,0,8867,No plan
1762,West Palm Beach,561,43,yes,no,0,251.5,105,42.76,212.8,104,18.09,157.8,67,7.1,0,0,9847,International only
1769,West Palm Beach,561,48,no,no,0,240.0,88,40.8,141.0,117,11.99,128.9,137,5.8,1,0,2718,No plan
1770,West Palm Beach,561,50,no,no,0,258.1,106,43.88,161.4,106,13.72,225.1,110,10.13,1,0,3890,No plan
1781,West Palm Beach,561,57,yes,yes,17,236.5,94,40.21,163.1,94,13.86,236.7,117,10.65,2,0,6418,International & Voicemail 
1782,West Palm Beach,561,58,no,yes,22,224.1,127,38.1,238.8,85,20.3,174.2,86,7.84,2,0,8445,Voicemail only
1794,West Palm Beach,561,68,no,yes,29,239.5,82,40.72,203.8,105,17.32,167.8,70,7.55,0,0,4762,Voicemail only
1803,West Palm Beach,561,73,no,no,0,224.4,90,38.15,159.5,88,13.56,192.8,74,8.68,1,0,2782,No plan
1805,West Palm Beach,561,74,no,yes,25,234.4,113,39.85,265.9,82,22.6,241.4,77,10.86,0,0,4344,Voicemail only
1806,West Palm Beach,561,74,no,yes,31,249.4,70,42.4,209.5,59,17.81,180.6,75,8.13,4,0,8245,Voicemail only
1815,West Palm Beach,561,78,no,no,0,220.0,95,37.4,179.9,121,15.29,188.2,109,8.47,0,0,3902,No plan
1822,West Palm Beach,561,83,no,yes,30,272.5,105,46.33,253.0,83,21.51,180.8,123,8.14,3,0,6074,Voicemail only
1827,West Palm Beach,561,85,no,yes,37,229.6,123,39.03,132.3,90,11.25,211.9,76,9.54,2,0,9210,Voicemail only
1830,West Palm Beach,561,86,no,no,0,226.3,88,38.47,223.0,107,18.96,255.6,92,11.5,4,0,2789,No plan
1832,West Palm Beach,561,86,no,yes,39,261.2,122,44.4,214.2,101,18.21,154.9,101,6.97,2,0,4084,Voicemail only
1834,West Palm Beach,561,87,no,no,0,234.8,85,39.92,140.9,91,11.98,204.3,93,9.19,1,0,3101,No plan
1837,West Palm Beach,561,88,yes,yes,25,288.5,114,49.05,203.4,74,17.29,228.4,117,10.28,1,0,4870,International & Voicemail 
1848,West Palm Beach,561,94,no,no,0,220.8,111,37.54,156.2,67,13.28,187.9,89,8.46,2,0,9015,No plan
1854,West Palm Beach,561,95,no,yes,32,247.0,109,41.99,125.6,91,10.68,226.5,90,10.19,3,0,2220,Voicemail only
1863,West Palm Beach,561,100,no,no,0,247.8,117,42.13,130.0,95,11.05,134.3,125,6.04,1,0,4277,No plan
1864,West Palm Beach,561,101,no,yes,21,238.0,88,40.46,209.6,84,17.82,233.0,95,10.49,2,0,4244,Voicemail only
1875,West Palm Beach,561,106,no,no,0,235.2,121,39.98,220.6,87,18.75,236.3,91,10.63,1,0,8928,No plan
1876,West Palm Beach,561,107,no,yes,27,283.4,104,48.18,224.1,152,19.05,241.3,63,10.86,2,0,2662,Voicemail only
1904,West Palm Beach,561,122,no,yes,30,230.1,108,39.12,287.6,76,24.45,177.1,85,7.97,2,0,5400,Voicemail only
1908,West Palm Beach,561,123,no,yes,23,245.0,88,41.65,265.0,105,22.53,239.7,108,10.79,2,0,8711,Voicemail only
1913,West Palm Beach,561,125,no,no,0,233.3,65,39.66,209.8,93,17.83,210.6,109,9.48,1,0,3950,No plan
1914,West Palm Beach,561,127,no,no,0,220.2,108,37.43,188.4,124,16.01,172.7,113,7.77,2,0,3285,No plan
1916,West Palm Beach,561,128,no,no,0,247.3,91,42.04,182.7,60,15.53,143.2,112,6.44,3,0,7461,No plan
1918,West Palm Beach,561,128,no,yes,32,222.9,136,37.89,262.0,80,22.27,191.4,101,8.61,0,0,8368,Voicemail only
1922,West Palm Beach,561,131,no,yes,28,249.6,87,42.43,227.2,138,19.31,239.9,92,10.8,3,0,5012,Voicemail only
1933,West Palm Beach,561,139,no,no,0,221.3,140,37.62,157.8,89,13.41,192.5,89,8.66,1,0,2017,No plan
1937,West Palm Beach,561,142,no,no,0,232.1,102,39.46,168.2,110,14.3,197.3,120,8.88,1,0,4968,No plan
1943,West Palm Beach,561,148,no,no,0,239.3,84,40.68,195.7,85,16.63,232.6,104,10.47,1,0,4051,No plan
1958,West Palm Beach,561,166,no,no,0,220.7,106,37.52,177.8,118,15.11,206.1,102,9.27,1,0,1830,No plan
1961,West Palm Beach,561,176,no,no,0,223.2,76,37.94,214.4,131,18.22,154.4,80,6.95,3,0,6621,No plan
1963,West Palm Beach,561,179,no,no,0,219.2,92,37.26,149.4,125,12.7,244.7,104,11.01,0,0,2393,No plan
1964,West Palm Beach,561,179,yes,yes,38,220.1,78,37.42,234.3,71,19.92,237.3,85,10.68,4,0,3412,International & Voicemail 
1965,West Palm Beach,561,180,no,yes,33,231.8,78,39.41,232.9,79,19.8,206.9,121,9.31,1,0,4139,Voicemail only
1979,Daytona Beach,386,7,no,yes,30,221.4,114,37.64,165.8,116,14.09,247.0,105,11.12,1,0,8299,Voicemail only
1982,Daytona Beach,386,21,no,no,0,244.7,81,41.6,168.0,117,14.28,281.5,87,12.67,1,0,2274,No plan
1987,Daytona Beach,386,30,no,yes,30,217.4,74,36.96,213.8,86,18.17,227.2,104,10.22,0,0,4703,Voicemail only
1990,Daytona Beach,386,32,no,yes,31,232.8,97,39.58,183.5,111,15.6,206.8,111,9.31,0,0,6977,Voicemail only
1994,Daytona Beach,386,40,yes,no,0,220.8,100,37.54,265.7,106,22.58,212.8,94,9.58,0,0,1900,International only
2011,Daytona Beach,386,59,yes,yes,31,225.0,78,38.25,191.3,79,16.26,226.7,79,10.2,1,0,5354,International & Voicemail 
2013,Daytona Beach,386,60,no,no,0,221.1,106,37.59,178.6,48,15.18,202.7,90,9.12,1,0,6676,No plan
2015,Daytona Beach,386,61,no,yes,33,270.7,53,46.02,200.7,116,17.06,201.7,102,9.08,3,0,5617,Voicemail only
2027,Daytona Beach,386,68,no,no,0,222.8,99,37.88,175.8,85,14.94,202.0,111,9.09,3,0,1659,No plan
2029,Daytona Beach,386,70,no,no,0,222.8,114,37.88,215.9,113,18.35,223.5,122,10.06,1,0,9465,No plan
2030,Daytona Beach,386,71,no,no,0,258.4,132,43.93,126.8,119,10.78,182.4,87,8.21,4,0,7166,No plan
2053,Daytona Beach,386,80,no,yes,38,236.6,69,40.22,197.5,68,16.79,209.5,102,9.43,2,0,2093,Voicemail only
2066,Daytona Beach,386,84,no,no,0,226.9,144,38.57,201.6,122,17.14,130.2,121,5.86,2,0,5027,No plan
2073,Daytona Beach,386,86,no,yes,28,221.6,74,37.67,288.4,100,24.51,240.3,105,10.81,1,0,8463,Voicemail only
2074,Daytona Beach,386,86,yes,no,0,266.1,120,45.24,182.0,92,15.47,206.5,103,9.29,1,0,7435,International only
2089,Daytona Beach,386,94,no,no,0,245.0,112,41.65,180.4,91,15.33,262.9,105,11.83,1,0,5794,No plan
2102,Daytona Beach,386,98,no,yes,22,278.3,89,47.31,93.4,143,7.94,107.6,42,4.84,0,0,9249,Voicemail only
2106,Daytona Beach,386,101,no,no,0,257.3,84,43.74,184.8,115,15.71,108.9,109,4.9,0,0,8367,No plan
2115,Daytona Beach,386,104,no,no,0,264.0,108,44.88,132.2,75,11.24,177.7,91,8.0,3,0,6081,No plan
2116,Daytona Beach,386,104,no,yes,23,280.2,136,47.63,220.5,92,18.74,136.9,102,6.16,4,0,9790,Voicemail only
2119,Daytona Beach,386,105,no,no,0,232.6,96,39.54,253.4,117,21.54,154.0,101,6.93,1,0,3469,No plan
2121,Daytona Beach,386,105,no,yes,24,274.7,99,46.7,193.5,118,16.45,299.6,109,13.48,3,0,6357,Voicemail only
2122,Daytona Beach,386,105,no,yes,34,218.5,61,37.15,196.7,74,16.72,151.1,103,6.8,2,0,6505,Voicemail only
2126,Daytona Beach,386,106,no,no,0,274.4,120,46.65,198.6,82,16.88,160.8,62,7.24,1,0,2566,No plan
2130,Daytona Beach,386,108,no,no,0,246.2,102,41.85,202.4,134,17.2,180.1,95,8.1,1,0,9558,No plan
2131,Daytona Beach,386,108,no,no,0,293.0,88,49.81,160.6,101,13.65,143.9,87,6.48,2,0,1955,No plan
2136,Daytona Beach,386,110,no,no,0,222.7,94,37.86,105.8,98,8.99,214.8,78,9.67,,0,4558,No plan
2139,Daytona Beach,386,111,no,no,0,224.9,117,38.23,191.9,127,16.31,229.9,97,10.35,0,0,6550,No plan
2140,Daytona Beach,386,111,no,no,0,229.4,107,39.0,214.1,99,18.2,289.6,95,13.03,4,0,2535,No plan
2161,Daytona Beach,386,118,no,yes,35,256.3,119,43.57,258.1,91,21.94,215.5,130,9.7,1,0,1026,Voicemail only
2162,Daytona Beach,386,118,yes,no,0,223.4,98,37.98,220.6,101,18.75,203.9,118,9.18,0,0,8027,International only
2169,Daytona Beach,386,120,no,yes,29,244.3,140,41.53,322.3,89,27.4,166.8,83,7.51,0,0,2905,Voicemail only
2173,Daytona Beach,386,121,yes,yes,44,254.1,127,43.2,180.2,108,15.32,196.2,129,8.83,3,0,3343,International & Voicemail 
2184,Daytona Beach,386,125,no,no,0,229.3,103,38.98,177.4,126,15.08,189.3,95,8.52,1,0,7251,No plan
2219,Daytona Beach,386,148,no,yes,11,252.9,129,42.99,284.3,88,24.17,262.8,99,11.83,1,0,2940,Voicemail only
2222,Daytona Beach,386,149,no,no,0,217.7,91,37.01,273.5,74,23.25,226.9,99,10.21,3,0,3500,No plan
2239,Daytona Beach,386,162,no,no,0,220.6,117,37.5,155.2,121,13.19,186.7,89,8.4,1,0,2165,No plan
2241,Daytona Beach,386,163,no,yes,23,224.0,126,38.08,233.5,89,19.85,293.9,104,13.23,1,0,5875,Voicemail only
2250,Daytona Beach,386,189,no,yes,38,256.7,98,43.64,150.5,120,12.79,123.0,87,5.54,3,0,7888,Voicemail only
2264,Clearwater,727,25,no,no,0,242.6,69,41.24,209.0,117,17.77,219.7,82,9.89,2,0,7391,No plan
2266,Clearwater,727,30,no,no,0,227.4,88,38.66,182.5,100,15.51,191.7,134,8.63,0,0,6607,No plan
2274,Clearwater,727,41,no,no,0,223.8,67,38.05,244.8,74,20.81,223.8,156,10.07,3,0,2413,No plan
2277,Clearwater,727,44,no,no,0,240.3,146,40.85,164.6,83,13.99,240.7,106,10.83,1,0,8697,No plan
2284,Clearwater,727,51,no,no,0,232.4,109,39.51,187.4,95,15.93,231.2,107,10.4,1,0,6981,No plan
2285,Clearwater,727,51,no,no,0,259.9,114,44.18,176.2,94,14.98,77.2,112,3.47,1,0,9581,No plan
2286,Clearwater,727,51,no,yes,26,236.8,61,40.26,263.4,97,22.39,181.1,91,8.15,1,0,3612,Voicemail only
2290,Clearwater,727,54,no,no,0,273.8,113,46.55,119.6,156,10.17,267.6,117,12.04,1,0,6302,No plan
2303,Clearwater,727,68,no,no,0,232.4,76,39.51,153.3,103,13.03,214.6,107,9.66,1,0,1782,No plan
2305,Clearwater,727,69,no,no,0,228.2,70,38.79,263.7,80,22.41,142.6,60,6.42,3,0,5686,No plan
2306,Clearwater,727,69,no,yes,27,268.8,78,45.7,246.6,89,20.96,271.9,102,12.24,0,0,8320,Voicemail only
2313,Clearwater,727,73,no,no,0,254.8,85,43.32,143.4,80,12.19,153.9,102,6.93,2,0,9541,No plan
2329,Clearwater,727,81,yes,yes,37,237.1,76,40.31,264.2,125,22.46,271.3,120,12.21,1,0,7581,International & Voicemail 
2336,Clearwater,727,85,no,no,0,225.0,81,38.25,176.9,63,15.04,194.3,110,8.74,3,0,5616,No plan
2347,Clearwater,727,88,no,no,0,274.6,105,46.68,161.1,121,13.69,194.4,123,8.75,2,0,3040,No plan
2367,Clearwater,727,95,no,no,0,229.9,116,39.08,202.4,110,17.2,171.4,105,7.71,1,0,7273,No plan
2369,Clearwater,727,96,no,yes,21,247.6,95,42.09,256.3,150,21.79,158.6,72,7.14,2,0,2341,Voicemail only
2371,Clearwater,727,97,no,yes,28,283.1,93,48.13,185.4,98,15.76,312.8,78,14.08,1,0,7553,Voicemail only
2374,Clearwater,727,98,no,no,0,236.2,122,40.15,189.4,110,16.1,153.6,104,6.91,0,0,7337,No plan
2388,Clearwater,727,104,no,no,0,225.9,123,38.4,162.8,106,13.84,272.1,85,12.24,1,0,7820,No plan
2389,Clearwater,727,104,no,no,0,280.4,127,47.67,179.4,79,15.25,150.6,77,6.78,5,0,2026,No plan
2396,Clearwater,727,106,no,no,0,220.7,120,37.52,270.2,95,22.97,121.6,113,5.47,1,0,2073,No plan
2398,Clearwater,727,106,no,yes,37,223.5,104,38.0,235.1,99,19.98,140.1,90,6.3,2,0,3196,Voicemail only
2406,Clearwater,727,110,no,no,0,242.5,110,41.23,162.3,140,13.8,184.1,86,8.28,4,0,6703,No plan
2410,Clearwater,727,112,no,yes,16,221.6,110,37.67,130.2,123,11.07,200.0,108,9.0,1,0,5537,Voicemail only
2414,Clearwater,727,114,no,yes,28,225.8,94,38.39,193.0,117,16.41,232.4,100,10.46,4,0,9554,Voicemail only
2423,Clearwater,727,118,no,yes,36,294.9,106,50.13,165.7,115,14.08,189.2,63,8.51,3,0,8763,Voicemail only
2433,Clearwater,727,124,no,no,0,251.5,85,42.76,214.2,98,18.21,186.1,71,8.37,3,0,1922,No plan
2439,Clearwater,727,127,no,no,0,261.7,105,44.49,181.8,107,15.45,100.9,131,4.54,0,0,9302,No plan
2441,Clearwater,727,127,yes,no,0,247.5,99,42.08,108.5,118,9.22,232.0,72,10.44,2,0,4706,International only
2458,Clearwater,727,136,no,no,0,252.4,74,42.91,167.9,81,14.27,248.3,110,11.17,2,0,6997,No plan
2462,Clearwater,727,137,no,no,0,230.2,113,39.13,220.4,79,18.73,204.7,111,9.21,4,0,8581,No plan
2464,Clearwater,727,138,yes,no,0,268.4,81,45.63,174.4,115,14.82,193.5,96,8.71,1,0,2209,International only
2479,Clearwater,727,153,no,no,0,228.9,102,38.91,160.7,136,13.66,203.1,109,9.14,0,0,8846,No plan
2480,Clearwater,727,157,no,no,0,229.8,90,39.07,147.9,121,12.57,241.4,108,10.86,3,0,4298,No plan
2482,Clearwater,727,158,no,no,0,222.8,101,37.88,203.0,128,17.26,210.6,106,9.48,2,0,2719,No plan
2485,Clearwater,727,163,no,yes,25,219.6,99,37.33,210.4,99,17.88,242.7,88,10.92,2,0,3445,Voicemail only
2487,Clearwater,727,165,no,no,0,242.9,126,41.29,209.8,65,17.83,228.4,126,10.28,1,0,1998,No plan
2490,Clearwater,727,171,no,yes,25,223.2,77,37.94,183.2,118,15.57,150.8,90,6.79,3,0,1557,Voicemail only
2493,Clearwater,727,174,no,yes,15,221.8,143,37.71,210.6,115,17.9,221.8,109,9.98,1,0,1352,Voicemail only
2497,Clearwater,727,192,no,no,0,221.6,101,37.67,285.2,50,24.24,167.4,83,7.53,4,0,8379,No plan
2516,Sarasota,941,41,no,yes,37,239.8,110,40.77,221.9,115,18.86,189.1,100,8.51,2,0,6191,Voicemail only
2523,Sarasota,941,48,no,no,0,275.2,67,46.78,180.2,108,15.32,159.0,110,7.15,1,0,3269,No plan
2529,Sarasota,941,55,yes,no,0,269.6,121,45.83,171.7,91,14.59,219.0,98,9.86,1,0,5970,International only
2530,Sarasota,941,56,no,no,0,222.7,133,37.86,277.0,89,23.55,101.8,94,4.58,4,0,1759,No plan
2538,Sarasota,941,61,no,no,0,234.2,76,39.81,216.7,108,18.42,130.6,122,5.88,1,0,8282,No plan
2539,Sarasota,941,61,no,yes,15,252.4,106,42.91,187.8,69,15.96,259.6,137,11.68,2,0,8863,Voicemail only
2544,Sarasota,941,64,no,no,0,261.9,113,44.52,148.1,99,12.59,145.2,74,6.53,0,0,6416,No plan
2551,Sarasota,941,68,no,no,0,222.1,107,37.76,199.4,102,16.95,162.4,107,7.31,2,0,9724,No plan
2552,Sarasota,941,68,no,no,0,231.1,57,39.29,153.4,55,13.04,191.3,123,8.61,3,0,3271,No plan
2566,Sarasota,941,77,no,no,0,230.0,87,39.1,103.2,138,8.77,309.6,136,13.93,2,0,4001,No plan
2571,Sarasota,941,80,no,no,0,220.0,114,37.4,207.7,76,17.65,168.4,137,7.58,2,0,3008,No plan
2587,Sarasota,941,87,no,no,0,256.2,105,43.55,160.7,102,13.66,249.4,80,11.22,4,0,6966,No plan
2589,Sarasota,941,87,no,yes,22,263.8,65,44.85,103.4,115,8.79,208.1,109,9.36,3,0,9443,Voicemail only
2600,Sarasota,941,91,no,yes,23,232.4,97,39.51,186.0,88,15.81,190.5,128,8.57,3,0,5633,Voicemail only
2605,Sarasota,941,93,no,no,0,266.0,120,45.22,130.1,84,11.06,165.8,63,7.46,3,0,3135,No plan
2608,Sarasota,941,95,no,yes,36,283.1,112,48.13,286.2,86,24.33,261.7,129,11.78,3,0,2098,Voicemail only
2612,Sarasota,941,98,no,no,0,221.2,80,37.6,213.6,104,18.16,291.8,89,13.13,4,0,3237,No plan
2624,Sarasota,941,102,no,no,0,234.8,125,39.92,199.2,99,16.93,163.2,88,7.34,4,0,8831,No plan
2636,Sarasota,941,107,no,no,0,230.4,65,39.17,257.4,80,21.88,107.3,88,4.83,1,0,7110,No plan
2641,Sarasota,941,109,no,no,0,218.9,105,37.21,299.9,87,25.49,158.6,110,7.14,2,0,2924,No plan
2642,Sarasota,941,109,no,no,0,222.5,74,37.83,169.7,75,14.42,264.3,94,11.89,2,0,1745,No plan
2645,Sarasota,941,110,no,no,0,241.2,105,41.0,174.3,85,14.82,245.3,59,11.04,2,0,1775,No plan
2660,Sarasota,941,117,no,yes,17,221.3,82,37.62,167.6,100,14.25,262.7,87,11.82,0,0,2482,Voicemail only
2664,Sarasota,941,120,no,yes,24,227.5,81,38.68,234.9,71,19.97,166.4,128,7.49,1,0,8422,Voicemail only
2665,Sarasota,941,121,no,yes,24,218.2,88,37.09,348.5,108,29.62,212.6,118,9.57,3,0,9993,Voicemail only
2667,Sarasota,941,121,no,yes,31,237.1,63,40.31,205.6,117,17.48,196.7,85,8.85,4,0,2495,Voicemail only
2668,Sarasota,941,121,no,yes,31,263.1,70,44.73,279.3,118,23.74,127.1,143,5.72,5,0,9572,Voicemail only
2670,Sarasota,941,122,no,yes,27,253.7,84,43.13,229.2,109,19.48,190.5,123,8.57,7,0,1616,Voicemail only
2672,Sarasota,941,122,no,yes,33,270.8,96,46.04,220.4,110,18.73,169.9,104,7.65,4,0,7993,Voicemail only
2676,Sarasota,941,123,no,yes,39,270.4,99,45.97,245.1,110,20.83,108.9,113,4.9,1,0,6247,Voicemail only
2681,Sarasota,941,128,no,no,0,268.1,95,45.58,120.5,126,10.24,220.8,121,9.94,2,0,9486,No plan
2685,Sarasota,941,130,no,no,0,242.5,101,41.23,102.8,114,8.74,142.4,89,6.41,2,0,5587,No plan
2686,Sarasota,941,130,no,no,0,252.0,101,42.84,170.2,105,14.47,209.2,64,9.41,0,0,6175,No plan
2687,Sarasota,941,130,no,yes,26,257.2,108,43.72,224.3,122,19.07,204.0,118,9.18,1,0,5509,Voicemail only
2692,Sarasota,941,132,no,no,0,222.4,85,37.81,165.4,76,14.06,208.4,97,9.38,0,0,9318,No plan
2694,Sarasota,941,133,no,no,0,245.8,102,41.79,264.7,90,22.5,111.7,103,5.03,0,0,2906,No plan
2708,Sarasota,941,143,no,yes,33,239.2,109,40.66,235.5,112,20.02,156.3,95,7.03,1,0,5160,Voicemail only
2711,Sarasota,941,145,no,yes,43,257.7,97,43.81,162.1,95,13.78,286.9,86,12.91,2,0,6730,Voicemail only
2714,Sarasota,941,147,no,no,0,248.6,83,42.26,148.9,85,12.66,172.5,109,7.76,3,0,2935,No plan
2717,Sarasota,941,148,yes,no,0,218.7,111,37.18,155.6,133,13.23,277.4,62,12.48,1,0,4234,International only
2719,Sarasota,941,153,no,yes,28,235.6,74,40.05,227.9,37,19.37,170.3,103,7.66,0,0,9384,Voicemail only
2722,Sarasota,941,157,no,no,0,276.2,95,46.95,165.8,119,14.09,151.6,79,6.82,3,0,7961,No plan
2746,Sarasota,941,189,no,no,0,227.4,84,38.66,176.0,81,14.96,206.1,120,9.27,2,0,3488,No plan
2755,Cape Coral,239,21,no,no,0,223.2,142,37.94,216.5,114,18.4,214.7,111,9.66,1,0,6366,No plan
2759,Cape Coral,239,29,yes,yes,37,235.0,101,39.95,183.3,79,15.58,139.8,106,6.29,2,0,3058,International & Voicemail 
2763,Cape Coral,239,35,no,no,0,260.8,87,44.34,258.1,78,21.94,131.3,123,5.91,1,0,4137,No plan
2766,Cape Coral,239,37,no,no,0,271.7,112,46.19,155.1,96,13.18,199.5,97,8.98,3,0,5678,No plan
2769,Cape Coral,239,40,no,no,0,242.5,82,41.23,232.9,97,19.8,154.0,86,6.93,0,0,7591,No plan
2771,Cape Coral,239,42,no,no,0,241.2,134,41.0,116.5,114,9.9,152.2,91,6.85,0,0,6801,No plan
2790,Cape Coral,239,57,no,yes,29,279.9,121,47.58,223.1,109,18.96,251.7,94,11.33,1,0,4691,Voicemail only
2794,Cape Coral,239,60,no,no,0,220.6,57,37.5,211.1,115,17.94,249.0,129,11.21,1,0,5645,No plan
2807,Cape Coral,239,66,no,yes,29,229.4,104,39.0,257.4,84,21.88,231.5,119,10.42,2,0,7973,Voicemail only
2813,Cape Coral,239,68,no,no,0,219.6,97,37.33,141.1,,11.99,205.7,101,9.26,2,0,8369,No plan
2826,Cape Coral,239,73,no,no,0,234.7,102,39.9,195.7,110,16.63,253.4,71,11.4,2,0,8309,No plan
2834,Cape Coral,239,75,no,yes,42,248.9,93,42.31,170.8,108,14.52,104.5,91,4.7,1,0,6989,Voicemail only
2843,Cape Coral,239,79,no,no,0,236.8,135,40.26,186.4,87,15.84,126.9,112,5.71,2,0,5417,No plan
2855,Cape Coral,239,85,no,no,0,235.8,109,40.09,157.2,94,13.36,188.2,99,8.47,0,0,5889,No plan
2860,Cape Coral,239,86,no,yes,23,225.5,107,38.34,246.3,105,20.94,245.7,81,11.06,0,0,2616,Voicemail only
2861,Cape Coral,239,87,no,yes,30,262.8,114,44.68,215.8,130,18.34,154.8,88,6.97,0,0,1410,Voicemail only
2874,Cape Coral,239,90,no,no,0,261.8,128,44.51,220.6,104,18.75,136.6,91,6.15,1,0,1621,No plan
2881,Cape Coral,239,92,no,yes,33,243.1,92,41.33,213.8,92,18.17,228.7,104,10.29,2,0,9845,Voicemail only
2882,Cape Coral,239,92,yes,no,0,255.8,125,43.49,142.7,111,12.13,181.2,101,8.15,0,0,2917,International only
2885,Cape Coral,239,93,no,no,0,239.8,70,40.77,251.8,99,21.4,168.6,112,7.59,1,0,7618,No plan
2887,Cape Coral,239,93,no,yes,22,306.2,123,52.05,189.7,83,16.12,240.3,107,10.81,0,0,1994,Voicemail only
2904,Cape Coral,239,100,no,no,0,218.8,125,37.2,148.3,102,12.61,277.8,97,12.5,1,0,3121,No plan
2905,Cape Coral,239,100,no,yes,38,224.7,121,38.2,294.0,131,24.99,290.0,61,13.05,0,0,3756,Voicemail only
2907,Cape Coral,239,101,no,no,0,220.3,124,37.45,188.6,101,16.03,278.4,98,12.53,1,0,5081,No plan
2909,Cape Coral,239,101,no,yes,33,219.7,137,37.35,186.8,94,15.88,184.5,113,8.3,2,0,8761,Voicemail only
2927,Cape Coral,239,109,no,no,0,222.2,113,37.77,218.5,122,18.57,266.0,88,11.97,1,0,9966,No plan
2929,Cape Coral,239,109,no,yes,46,217.5,123,36.98,233.7,84,19.86,163.9,99,7.38,4,0,6479,Voicemail only
2936,Cape Coral,239,111,no,no,0,222.2,96,37.77,162.5,111,13.81,184.9,120,8.32,4,0,7118,No plan
2937,Cape Coral,239,111,no,no,0,255.9,97,43.5,204.1,129,17.35,171.3,84,7.71,3,0,9513,No plan
2964,Cape Coral,239,120,no,no,0,252.0,120,42.84,150.2,106,12.77,151.8,96,6.83,2,0,8283,No plan
2966,Cape Coral,239,120,no,yes,33,299.5,83,50.92,163.4,84,13.89,146.7,88,6.6,0,0,6743,Voicemail only
2981,Cape Coral,239,126,no,yes,31,278.0,88,47.26,253.2,65,21.52,223.2,114,10.04,0,0,5295,Voicemail only
2982,Cape Coral,239,127,no,no,,221.0,100,37.57,160.7,113,13.66,233.1,96,10.49,2,0,2931,No plan
2991,Cape Coral,239,129,yes,no,0,267.4,78,45.46,204.2,85,17.36,111.7,146,5.03,1,0,4992,International only
2993,Cape Coral,239,131,no,no,0,240.9,108,40.95,167.4,91,14.23,322.2,109,14.5,3,0,4633,No plan
2994,Cape Coral,239,131,no,no,0,263.4,123,44.78,151.9,74,12.91,218.5,101,9.83,2,0,9984,No plan
3002,Cape Coral,239,134,no,no,0,244.1,99,41.5,246.9,111,20.99,200.0,133,9.0,0,0,7446,No plan
3007,Cape Coral,239,138,no,no,0,251.0,119,42.67,91.2,96,7.75,142.2,87,6.4,3,0,7521,No plan
3009,Cape Coral,239,139,no,yes,43,231.0,85,39.27,222.3,82,18.9,148.0,105,6.66,2,0,2408,Voicemail only
3011,Cape Coral,239,140,no,no,0,231.9,101,39.42,160.1,94,13.61,110.4,98,4.97,3,0,9097,No plan
3015,Cape Coral,239,144,no,yes,33,251.6,87,42.77,197.6,118,16.8,209.2,97,9.41,2,0,3476,Voicemail only
3022,Cape Coral,239,149,no,no,0,237.6,79,40.39,192.4,107,16.35,207.4,111,9.33,0,0,4323,No plan
3023,Cape Coral,239,149,no,yes,20,264.4,102,44.95,219.6,123,18.67,200.4,89,9.02,2,0,6659,Voicemail only
3026,Cape Coral,239,152,no,yes,20,239.1,105,40.65,209.1,111,17.77,268.2,130,12.07,5,0,7077,Voicemail only
3032,Cape Coral,239,160,no,no,0,256.0,111,43.52,187.4,61,15.93,119.1,81,5.36,3,0,3338,No plan
3038,Cape Coral,239,163,no,yes,40,231.9,56,39.42,211.8,91,18.0,268.5,74,12.08,2,0,8122,Voicemail only
3039,Cape Coral,239,164,no,yes,30,238.8,100,40.6,230.0,121,19.55,206.3,66,9.28,1,0,3051,Voicemail only
3042,Cape Coral,239,166,no,no,0,274.3,110,46.63,52.9,109,4.5,246.1,119,11.07,0,0,9492,No plan
3043,Cape Coral,239,171,no,no,0,231.2,135,39.3,188.7,74,16.04,206.9,124,9.31,1,0,8025,No plan
3047,Cape Coral,239,189,no,no,0,227.8,124,38.73,169.5,112,14.41,201.1,91,9.05,3,0,6501,No plan
3049,Cape Coral,239,199,no,yes,34,230.6,121,39.2,219.4,99,18.65,299.3,94,13.47,0,0,6733,Voicemail only
3056,Tallahassee,850,13,no,yes,21,315.6,105,53.65,208.9,71,17.76,260.1,123,11.7,3,0,7120,Voicemail only
3058,Tallahassee,850,19,yes,no,0,237.7,98,40.41,207.1,121,17.6,182.2,95,8.2,0,0,3910,International only
3060,Tallahassee,850,24,no,no,0,235.6,132,40.05,115.9,129,9.85,185.4,136,8.34,0,0,8788,No plan
3061,Tallahassee,850,26,no,no,0,234.5,109,39.87,216.5,129,18.4,191.6,94,8.62,3,0,3300,No plan
3064,Tallahassee,850,32,no,no,0,230.9,87,39.25,187.4,90,15.93,154.0,53,6.93,0,0,9680,No plan
3076,Tallahassee,850,48,no,yes,36,230.9,92,39.25,167.6,121,14.25,270.0,87,12.15,3,0,8450,Voicemail only
3077,Tallahassee,850,50,no,no,0,295.3,127,50.2,127.4,100,10.83,166.8,105,7.51,1,0,1960,No plan
3084,Tallahassee,850,54,yes,no,0,236.3,91,40.17,152.8,130,12.99,160.3,98,7.21,3,0,6932,International only
3086,Tallahassee,850,58,no,no,0,238.9,107,40.61,187.2,88,15.91,181.1,84,8.15,2,0,6082,No plan
3087,Tallahassee,850,58,no,no,0,243.1,105,41.33,231.4,108,19.67,180.9,120,8.14,2,0,5050,No plan
3093,Tallahassee,850,61,no,yes,20,254.4,133,43.25,161.7,96,13.74,251.4,91,11.31,0,0,4094,Voicemail only
3094,Tallahassee,850,61,no,yes,31,288.7,101,49.08,203.8,102,17.32,203.2,49,9.14,0,0,8848,Voicemail only
3098,Tallahassee,850,65,no,yes,23,224.2,106,38.11,189.6,100,16.12,222.8,75,10.03,0,0,9138,Voicemail only
3113,Tallahassee,850,71,no,no,0,243.7,124,41.43,60.0,90,5.1,189.0,129,8.5,0,0,7034,No plan
3124,Tallahassee,850,74,no,no,0,230.9,93,39.25,223.0,78,18.96,157.8,101,7.1,3,0,4083,No plan
3129,Tallahassee,850,78,no,yes,13,281.2,93,47.8,178.2,101,15.15,244.2,129,10.99,2,0,5236,Voicemail only
3131,Tallahassee,850,79,no,no,0,222.3,99,37.79,146.2,82,12.43,275.6,82,12.4,3,0,6931,No plan
3137,Tallahassee,850,81,yes,no,0,250.6,85,42.6,187.9,50,15.97,120.3,131,5.41,1,0,4664,International only
3142,Tallahassee,850,83,yes,no,0,271.5,87,46.16,216.3,126,18.39,121.1,105,5.45,1,0,3561,International only
3160,Tallahassee,850,88,no,no,0,218.2,76,37.09,169.3,60,14.39,141.1,99,6.35,1,0,1648,No plan
3164,Tallahassee,850,90,no,no,0,246.4,83,41.89,160.3,88,13.63,170.9,99,7.69,1,0,9992,No plan
3169,Tallahassee,850,93,no,no,0,271.6,71,46.17,229.4,108,19.5,77.3,121,3.48,2,0,7865,No plan
3170,Tallahassee,850,93,no,yes,31,237.2,85,40.32,213.1,100,18.11,192.7,87,8.67,1,0,3287,Voicemail only
3171,Tallahassee,850,93,no,yes,32,218.7,117,37.18,115.0,61,9.78,192.7,85,8.67,2,0,7709,Voicemail only
3184,Tallahassee,850,101,no,no,0,217.7,118,37.01,231.7,128,19.69,185.3,128,8.34,3,0,1380,No plan
3186,Tallahassee,850,102,yes,no,0,224.2,81,38.11,243.3,90,20.68,147.8,66,6.65,3,0,9689,International only
3189,Tallahassee,850,103,no,no,0,246.5,47,41.91,195.5,84,16.62,200.5,96,9.02,1,0,2805,No plan
3198,Tallahassee,850,106,no,yes,30,220.1,105,37.42,222.2,109,18.89,158.4,96,7.13,0,0,2270,Voicemail only
3202,Tallahassee,850,107,no,no,0,241.9,102,41.12,126.9,117,10.79,185.6,92,8.35,0,0,2384,No plan
3203,Tallahassee,850,107,no,no,0,260.5,108,44.29,102.4,110,8.7,129.7,148,5.84,1,0,6942,No plan
3207,Tallahassee,850,108,no,no,0,240.2,78,40.83,230.3,109,19.58,217.0,83,9.76,2,0,9986,No plan
3210,Tallahassee,850,109,no,yes,35,230.5,116,39.19,265.8,130,22.59,269.7,69,12.14,5,0,9315,Voicemail only
3226,Tallahassee,850,119,no,no,0,231.5,82,39.36,266.9,97,22.69,211.0,118,9.49,1,0,4595,No plan
3231,Tallahassee,850,121,no,yes,34,245.0,95,41.65,216.9,66,18.44,112.4,125,5.06,0,0,5743,Voicemail only
3233,Tallahassee,850,122,no,no,0,234.1,101,39.8,200.2,121,17.02,237.4,89,10.68,2,0,2477,No plan
3234,Tallahassee,850,122,no,no,0,243.8,98,41.45,83.9,72,7.13,179.8,84,8.09,2,0,3388,No plan
3241,Tallahassee,850,123,no,no,0,257.9,92,43.84,211.6,71,17.99,189.3,104,8.52,2,0,5114,No plan
3246,Tallahassee,850,124,no,no,0,234.4,61,39.85,179.3,111,15.24,285.5,117,12.85,3,0,5628,No plan
3252,Tallahassee,850,128,yes,no,0,245.2,112,41.68,101.5,101,8.63,152.3,116,6.85,0,0,6038,International only
3266,Tallahassee,850,134,no,no,0,258.8,85,44.0,129.5,114,11.01,193.6,106,8.71,2,0,2221,No plan
3277,Tallahassee,850,141,no,no,0,260.2,131,44.23,179.2,120,15.23,135.0,119,6.08,3,0,7749,No plan
3278,Tallahassee,850,141,no,yes,28,308.0,123,52.36,247.8,128,21.06,152.9,103,6.88,,0,8583,Voicemail only
3279,Tallahassee,850,142,no,yes,40,237.4,105,40.36,175.9,93,14.95,210.3,110,9.46,3,0,7895,Voicemail only
3288,Tallahassee,850,147,no,yes,38,243.4,126,41.38,273.8,109,23.27,282.9,91,12.73,2,0,7280,Voicemail only
3289,Tallahassee,850,147,yes,yes,24,219.9,118,37.38,208.5,116,17.72,352.5,111,15.86,3,0,5682,International & Voicemail 
3293,Tallahassee,850,148,no,no,0,243.0,115,41.31,191.8,91,16.3,117.8,93,5.3,2,0,3417,No plan
3294,Tallahassee,850,148,no,yes,21,262.9,135,44.69,149.5,96,12.71,140.5,109,6.32,1,0,4528,Voicemail only
3295,Tallahassee,850,148,no,yes,25,230.7,102,39.22,233.8,109,19.87,215.8,90,9.71,3,0,9270,Voicemail only
3300,Tallahassee,850,152,no,no,0,228.1,93,38.78,136.4,106,11.59,197.3,107,8.88,1,0,9273,No plan
3303,Tallahassee,850,155,no,no,0,262.4,55,44.61,194.6,113,16.54,146.5,85,6.59,2,0,3676,No plan
3308,Tallahassee,850,157,no,no,0,220.7,105,37.52,119.3,127,10.14,165.1,113,7.43,4,0,9783,No plan
3309,Tallahassee,850,157,no,no,0,224.5,111,38.17,200.7,99,17.06,116.6,118,5.25,2,0,1189,No plan
3310,Tallahassee,850,157,no,no,0,240.2,67,40.83,153.0,98,13.01,249.0,72,11.21,2,0,3257,No plan
3312,Tallahassee,850,158,no,no,0,220.9,129,37.55,242.2,108,20.59,233.3,75,10.5,0,0,5886,No plan
3317,Tallahassee,850,170,no,no,0,246.4,107,41.89,228.1,124,19.39,166.4,95,7.49,0,0,4444,No plan
3321,Tallahassee,850,174,no,no,0,235.5,108,40.04,142.3,143,12.1,316.7,131,14.25,0,0,5854,No plan
3322,Tallahassee,850,177,no,no,0,227.8,81,38.73,161.8,97,13.75,217.0,106,9.76,1,0,9716,No plan
3327,Tallahassee,850,189,no,no,0,219.9,80,37.38,143.3,117,12.18,130.6,69,5.88,1,0,2407,No plan
3328,Tallahassee,850,195,no,yes,36,231.7,110,39.39,225.1,,19.13,201.7,89,9.08,0,0,7843,Voicemail only
3330,Tallahassee,850,209,no,no,0,227.2,128,38.62,258.4,92,21.96,183.5,74,8.26,3,0,5310,No plan
3331,Tallahassee,850,210,no,yes,31,313.8,87,53.35,147.7,103,12.55,192.7,97,8.67,3,0,7802,Voicemail only
