,city,area_code,account_length,international_plan,voice_mail_plan,number_vmail_messages,total_day_minutes,total_day_calls,total_day_charge,total_eve_minutes,total_eve_calls,total_eve_charge,total_night_minutes,total_night_calls,total_night_charge,customer_service_calls,churn,phone_num
1,Orlando1,321,11,no,yes,38,209.8,130,35.67,196.6,84,16.71,233.0,79,10.49,1,0,4310
2,Orlando1,321,12,yes,no,0,216.7,117,36.84,116.5,126,9.9,220.0,110,9.9,2,0,5211
3,Orlando1,321,21,no,yes,31,135.9,90,23.1,271.0,84,23.04,179.1,89,8.06,6,0,5976
4,Orlando1,321,22,no,no,0,181.8,108,30.91,198.6,148,16.88,206.6,96,9.3,2,0,9506
5,Orlando1,321,22,no,no,0,207.7,116,35.31,210.6,99,17.9,238.2,88,10.72,0,0,2401
6,Orlando1,321,25,no,no,0,119.3,87,20.28,211.5,101,17.98,268.9,86,12.1,3,0,2709
7,Orlando1,321,27,no,no,0,227.4,67,38.66,248.0,115,21.08,61.4,109,2.76,1,0,1589
8,Orlando1,321,28,no,no,0,180.8,109,30.74,288.8,58,24.55,191.9,91,8.64,2,0,8230
9,Orlando1,321,29,no,no,0,196.8,81,33.46,168.0,110,14.28,132.6,98,5.97,2,0,6666
12,Orlando1,321,36,no,no,0,117.1,94,19.91,235.4,117,20.01,221.3,108,9.96,0,0,3540
13,Orlando1,321,36,no,no,0,177.9,129,30.24,224.6,87,19.09,306.3,102,13.78,2,0,5474
14,Orlando1,321,37,no,no,0,191.4,116,32.54,167.4,99,14.23,216.5,112,9.74,3,0,1131
15,Orlando1,321,39,no,no,0,154.1,104,26.2,204.2,112,17.36,196.2,92,8.83,2,0,5640
18,Orlando1,321,43,no,no,0,168.4,125,28.63,243.8,89,20.72,214.7,102,9.66,1,0,4949
19,Orlando1,321,43,no,no,0,241.9,101,41.12,129.4,121,11.0,264.8,104,11.92,1,0,2849
20,Orlando1,321,45,no,no,0,78.2,127,13.29,253.4,108,21.54,255.0,100,11.48,1,0,1040
21,Orlando1,321,46,no,no,0,199.2,111,33.86,175.1,83,14.88,210.6,84,9.48,3,0,5873
23,Orlando1,321,48,no,no,0,190.4,92,32.37,317.5,85,26.99,133.4,113,6.0,2,0,9217
25,Orlando1,321,50,no,no,0,188.9,94,32.11,203.9,104,17.33,151.8,124,6.83,3,0,6002
26,Orlando1,321,51,no,no,0,169.3,111,28.78,139.5,69,11.86,197.0,87,8.87,0,0,4844
27,Orlando1,321,52,no,no,0,129.3,80,21.98,142.7,101,12.13,258.3,89,11.62,3,0,9674
28,Orlando1,321,52,no,no,0,191.9,108,32.62,269.8,96,22.93,236.8,87,10.66,3,0,4957
29,Orlando1,321,52,no,yes,20,133.3,63,22.66,184.1,123,15.65,272.9,107,12.28,1,0,6672
31,Orlando1,321,53,no,yes,24,145.7,146,24.77,220.5,136,18.74,249.9,96,11.25,3,0,3261
32,Orlando1,321,54,no,no,0,159.8,99,27.17,264.0,64,22.44,115.7,70,5.21,2,0,1420
35,Orlando1,321,55,no,yes,20,207.7,91,35.31,199.7,113,16.97,216.5,110,9.74,1,0,6912
36,Orlando1,321,56,no,no,0,253.2,95,43.04,188.0,116,15.98,142.0,133,6.39,1,0,3622
37,Orlando1,321,56,no,yes,29,37.7,115,6.41,144.1,111,12.25,226.6,101,10.2,1,0,5806
38,Orlando1,321,57,yes,yes,30,234.5,130,39.87,195.2,116,16.59,268.8,94,12.1,2,0,3782
40,Orlando1,321,59,no,no,0,107.8,113,18.33,216.6,125,18.41,217.5,92,9.79,2,0,4609
41,Orlando1,321,59,no,no,0,179.4,80,30.5,232.5,99,19.76,175.8,105,7.91,0,0,4226
42,Orlando1,321,59,no,yes,28,120.9,97,20.55,213.0,92,18.11,163.1,116,7.34,2,0,3061
43,Orlando1,321,60,no,yes,31,191.8,75,32.61,267.8,135,22.76,200.5,62,9.02,2,0,4231
45,Orlando1,321,63,no,no,0,211.8,84,36.01,230.9,137,19.63,217.1,99,9.77,3,0,6725
47,Orlando1,321,64,no,no,0,145.5,116,24.74,228.4,110,19.41,273.4,91,12.3,1,0,2157
48,Orlando1,321,64,no,no,0,213.5,93,36.3,166.6,114,14.16,122.0,78,5.49,3,0,6391
49,Orlando1,321,64,no,no,0,219.6,126,37.33,303.3,100,25.78,154.5,65,6.95,1,0,7728
50,Orlando1,321,64,no,yes,19,180.1,106,30.62,127.5,92,10.84,237.4,118,10.68,0,0,9253
51,Orlando1,321,65,no,no,0,105.7,95,17.97,141.8,100,12.05,180.5,105,8.12,2,0,8096
52,Orlando1,321,65,no,no,0,116.8,87,19.86,178.9,93,15.21,182.4,150,8.21,1,0,5060
53,Orlando1,321,65,no,no,0,158.8,53,27.0,188.5,132,16.02,189.3,87,8.52,2,0,5056
54,Orlando1,321,65,no,no,0,195.4,110,33.22,181.2,109,15.4,178.5,105,8.03,0,0,8878
55,Orlando1,321,65,no,yes,34,208.8,119,35.5,142.1,106,12.08,214.6,87,9.66,4,0,4680
56,Orlando1,321,66,no,yes,16,174.7,92,29.7,232.1,105,19.73,305.4,98,13.74,1,0,5713
58,Orlando1,321,68,no,no,0,94.1,93,16.0,147.6,80,12.55,213.5,85,9.61,0,0,2239
59,Orlando1,321,68,no,no,0,131.6,89,22.37,137.0,109,11.65,256.3,107,11.53,3,0,7091
60,Orlando1,321,68,no,no,0,158.8,119,27.0,211.8,105,18.0,198.1,101,8.91,1,0,6390
62,Orlando1,321,69,no,no,0,143.6,88,24.41,141.8,86,12.05,194.0,83,8.73,3,0,6149
63,Orlando1,321,69,no,no,0,183.4,85,31.18,237.6,100,20.2,228.0,94,10.26,3,0,4278
64,Orlando1,321,70,no,no,0,104.7,112,17.8,82.2,104,6.99,169.4,110,7.62,3,0,2175
65,Orlando1,321,70,no,no,0,198.6,111,33.76,213.9,115,18.18,171.2,105,7.7,2,0,5329
66,Orlando1,321,70,no,no,0,230.3,110,39.15,77.9,87,6.62,247.1,105,11.12,1,0,7014
68,Orlando1,321,70,no,yes,31,125.9,101,21.4,196.4,102,16.69,252.7,75,11.37,1,0,2392
70,Orlando1,321,72,no,no,0,253.0,73,43.01,219.3,78,18.64,210.8,89,9.49,0,0,8385
71,Orlando1,321,72,no,yes,37,220.0,80,37.4,217.3,102,18.47,152.8,71,6.88,3,0,1407
72,Orlando1,321,73,no,no,0,203.3,45,34.56,141.9,87,12.06,200.7,71,9.03,0,0,9347
73,Orlando1,321,74,no,no,0,124.0,102,21.08,262.1,101,22.28,268.2,98,12.07,2,0,6073
74,Orlando1,321,74,no,no,0,157.1,95,26.71,213.1,36,18.11,280.4,77,12.62,2,0,3389
76,Orlando1,321,74,no,yes,27,154.1,122,26.2,195.3,150,16.6,276.7,86,12.45,4,0,5954
77,Orlando1,321,74,no,yes,33,193.7,91,32.93,246.1,96,20.92,138.0,92,6.21,2,0,5117
78,Orlando1,321,75,no,no,0,203.3,70,34.56,228.9,97,19.46,222.2,118,10.0,1,0,5003
79,Orlando1,321,75,no,no,0,226.1,105,38.44,201.5,107,17.13,246.2,98,11.08,1,0,3359
80,Orlando1,321,75,no,yes,21,175.8,97,29.89,217.5,106,18.49,237.5,134,10.69,5,0,8525
81,Orlando1,321,75,no,yes,24,225.5,119,38.34,182.0,108,15.47,270.9,106,12.19,3,0,4171
82,Orlando1,321,76,no,no,0,171.1,78,29.09,257.2,83,21.86,91.6,92,4.12,1,0,4516
83,Orlando1,321,76,no,no,0,204.2,100,34.71,292.6,139,24.87,244.3,105,10.99,0,0,3911
84,Orlando1,321,77,no,no,0,163.0,112,27.71,219.1,89,18.62,233.4,66,10.5,2,0,4174
86,Orlando1,321,78,no,no,0,231.0,115,39.27,230.4,140,19.58,261.4,120,11.76,1,0,6101
87,Orlando1,321,78,no,no,0,252.9,93,42.99,178.4,112,15.16,263.9,105,11.88,3,0,9510
88,Orlando1,321,79,no,no,0,205.7,123,34.97,214.5,108,18.23,226.1,106,10.17,,0,3515
89,Orlando1,321,79,no,yes,17,236.7,95,40.24,263.5,56,22.4,259.6,107,11.68,1,0,4412
90,Orlando1,321,80,no,no,0,118.1,90,20.08,144.3,77,12.27,225.1,86,10.13,1,0,1551
91,Orlando1,321,80,no,no,0,127.8,67,21.73,181.6,112,15.44,197.3,63,8.88,2,0,7239
93,Orlando1,321,82,no,yes,24,155.2,131,26.38,244.5,106,20.78,122.4,68,5.51,1,0,5609
95,Orlando1,321,83,no,yes,26,226.4,117,38.49,234.7,97,19.95,133.6,82,6.01,1,0,7460
96,Orlando1,321,83,no,yes,36,95.9,87,16.3,261.6,105,22.24,228.6,109,10.29,0,0,2541
97,Orlando1,321,84,no,no,0,169.5,96,28.82,157.6,94,13.4,98.2,70,4.42,0,0,2899
99,Orlando1,321,85,no,no,0,201.4,52,34.24,229.4,104,19.5,252.5,106,11.36,1,0,4445
100,Orlando1,321,85,no,no,0,210.3,66,35.75,195.8,76,16.64,221.6,82,9.97,1,0,9007
101,Orlando1,321,85,yes,no,0,216.0,73,36.72,188.2,117,16.0,147.1,98,6.62,2,0,2776
102,Orlando1,321,86,no,no,0,194.2,98,33.01,193.8,95,16.47,192.0,123,8.64,3,0,1019
103,Orlando1,321,86,no,yes,33,253.1,112,43.03,210.1,94,17.86,95.0,98,4.27,3,0,3852
105,Orlando1,321,87,no,no,0,223.2,109,37.94,127.5,86,10.84,289.3,83,13.02,3,0,2799
106,Orlando1,321,87,no,no,0,228.7,90,38.88,163.0,99,13.86,154.1,90,6.93,1,0,2887
107,Orlando1,321,87,no,no,0,231.3,105,39.32,171.7,108,14.59,67.7,136,3.05,1,0,4152
109,Orlando1,321,87,no,yes,21,214.0,113,36.38,180.0,114,15.3,134.5,82,6.05,0,0,2957
110,Orlando1,321,87,no,yes,28,143.5,106,24.4,223.5,147,19.0,175.4,69,7.89,0,0,6218
112,Orlando1,321,88,no,no,0,202.2,86,34.37,216.8,93,18.43,239.4,99,10.77,2,0,4856
113,Orlando1,321,88,no,yes,27,93.4,106,15.88,252.0,92,21.42,189.0,104,8.5,1,0,4037
114,Orlando1,321,89,no,no,0,111.2,101,18.9,122.1,94,10.38,180.8,85,8.14,3,0,3399
116,Orlando1,321,89,no,no,0,141.1,92,23.99,249.1,126,21.17,136.0,73,6.12,2,0,4024
117,Orlando1,321,89,no,no,0,178.7,81,30.38,233.7,74,19.86,131.9,120,5.94,1,0,7713
119,Orlando1,321,90,no,no,0,109.6,88,18.63,137.6,108,11.7,159.7,121,7.19,2,0,4413
120,Orlando1,321,90,yes,no,0,221.8,97,37.71,203.8,134,17.32,215.8,154,9.71,1,0,7293
121,Orlando1,321,91,no,no,0,109.8,100,18.67,189.6,104,16.12,206.7,85,9.3,1,0,8256
123,Orlando1,321,92,no,no,0,157.7,101,26.81,298.6,100,25.38,216.9,99,9.76,1,0,2773
124,Orlando1,321,92,no,no,0,249.4,118,42.4,211.5,95,17.98,169.0,116,7.61,0,0,9324
125,Orlando1,321,92,no,yes,16,184.0,99,31.28,76.4,134,6.49,185.1,96,8.33,2,0,7257
126,Orlando1,321,92,no,yes,47,141.6,95,24.07,207.9,130,17.67,203.6,95,9.16,0,0,1404
129,Orlando1,321,94,no,no,0,252.6,104,42.94,169.0,125,14.37,170.9,106,7.69,2,0,1765
130,Orlando1,321,94,yes,no,0,235.6,131,40.05,194.8,107,16.56,170.6,93,7.68,1,0,9254
131,Orlando1,321,95,no,no,0,197.0,88,33.49,190.4,68,16.18,211.9,104,9.54,0,0,7331
132,Orlando1,321,95,no,yes,20,165.7,78,28.17,215.6,94,18.33,243.3,91,10.95,0,0,4840
135,Orlando1,321,96,no,yes,45,248.8,124,42.3,140.3,77,11.93,263.6,102,11.86,3,0,9187
136,Orlando1,321,97,no,no,0,209.2,134,35.56,0.0,0,0.0,175.4,94,7.89,1,0,3181
137,Orlando1,321,97,no,yes,28,202.3,97,34.39,69.2,84,5.88,257.6,64,11.59,1,0,2285
138,Orlando1,321,97,no,yes,43,121.1,105,20.59,260.2,115,22.12,222.4,100,10.01,3,0,1242
139,Orlando1,321,98,no,no,0,162.8,65,27.68,185.0,109,15.73,219.5,104,9.88,2,0,7016
140,Orlando1,321,99,no,no,0,54.8,92,9.32,173.0,103,14.71,195.1,125,8.78,1,0,6512
141,Orlando1,321,99,no,no,0,182.6,83,31.04,154.5,111,13.13,196.0,57,8.82,0,0,5897
142,Orlando1,321,99,no,no,0,191.2,110,32.5,163.9,102,13.93,243.6,114,10.96,1,0,1896
144,Orlando1,321,100,no,no,0,78.7,98,13.38,225.6,102,19.18,150.4,106,6.77,0,0,6260
146,Orlando1,321,100,no,no,0,191.9,95,32.62,200.9,101,17.08,271.9,74,12.24,1,0,6121
148,Orlando1,321,100,yes,no,0,107.2,98,18.22,86.8,122,7.38,156.2,117,7.03,1,0,1536
150,Orlando1,321,101,no,no,0,232.7,114,39.56,186.4,123,15.84,153.3,122,6.9,5,0,2985
151,Orlando1,321,101,no,no,0,248.6,102,42.26,174.9,93,14.87,207.2,86,9.32,3,0,7234
153,Orlando1,321,101,no,yes,42,209.2,82,35.56,159.7,74,13.57,181.6,100,8.17,0,0,9118
154,Orlando1,321,101,yes,no,0,133.5,51,22.7,219.6,96,18.67,210.0,74,9.45,1,0,7913
155,Orlando1,321,101,yes,no,0,193.7,108,32.93,186.6,98,15.86,223.0,100,10.04,0,0,2074
156,Orlando1,321,102,no,no,0,144.4,87,24.55,266.5,128,22.65,217.6,59,9.79,0,0,5196
157,Orlando1,321,102,no,no,0,200.6,106,34.1,152.5,127,12.96,199.4,128,8.97,3,0,7839
158,Orlando1,321,102,no,no,0,242.2,88,41.17,233.2,89,19.82,188.5,121,8.48,3,0,2726
159,Orlando1,321,103,no,no,0,160.2,104,27.23,138.9,70,11.81,312.5,97,14.06,0,0,9178
160,Orlando1,321,103,no,no,0,204.9,107,34.83,135.2,102,11.49,208.2,106,9.37,5,0,6960
161,Orlando1,321,103,no,yes,31,185.4,105,31.52,197.6,126,16.8,147.1,110,6.62,2,0,9878
162,Orlando1,321,104,no,no,0,130.5,77,22.19,131.2,117,11.15,264.7,63,11.91,0,0,5255
163,Orlando1,321,104,no,no,0,156.2,93,26.55,193.0,54,16.41,222.7,94,10.02,1,0,3781
164,Orlando1,321,104,no,yes,18,182.1,66,30.96,213.6,65,18.16,193.0,108,8.69,2,0,2429
165,Orlando1,321,105,no,no,0,227.4,121,38.66,268.5,89,22.82,143.3,82,6.45,1,0,3806
166,Orlando1,321,105,no,yes,33,209.6,68,35.63,146.9,140,12.49,121.0,131,5.44,2,0,9982
167,Orlando1,321,105,no,yes,40,236.5,111,40.21,117.0,110,9.95,221.1,115,9.95,2,0,7857
168,Orlando1,321,105,no,yes,42,101.9,79,17.32,223.1,97,18.96,241.6,77,10.87,0,0,4101
169,Orlando1,321,105,yes,no,0,228.4,100,38.83,145.1,108,12.33,245.3,140,11.04,0,0,4540
171,Orlando1,321,106,no,no,0,194.8,133,33.12,213.4,73,18.14,190.8,92,8.59,0,0,9738
172,Orlando1,321,106,no,no,0,213.9,95,36.36,151.9,70,12.91,260.1,124,11.7,3,0,4142
173,Orlando1,321,107,no,no,0,90.7,90,15.42,207.5,109,17.64,169.4,96,7.62,2,0,2476
174,Orlando1,321,107,no,no,0,212.1,95,36.06,150.1,88,12.76,219.8,111,9.89,3,0,9062
175,Orlando1,321,107,no,yes,26,161.6,123,27.47,195.5,103,16.62,254.4,103,11.45,1,0,7191
177,Orlando1,321,108,no,no,0,239.3,102,40.68,223.4,127,18.99,251.4,104,11.31,0,0,4068
178,Orlando1,321,110,no,no,0,148.5,115,25.25,276.4,84,23.49,193.6,112,8.71,1,0,2359
179,Orlando1,321,110,no,no,0,178.5,124,30.35,146.9,141,12.49,217.1,102,9.77,1,0,7305
182,Orlando1,321,111,no,no,0,146.2,55,24.85,261.5,83,22.23,163.2,116,7.34,3,0,5556
185,Orlando1,321,112,no,no,0,81.6,94,13.87,268.1,112,22.79,140.8,75,6.34,1,0,5764
186,Orlando1,321,112,no,no,0,189.4,83,32.2,219.0,89,18.62,168.0,116,7.56,3,0,5659
187,Orlando1,321,112,no,no,0,194.4,101,33.05,190.3,82,16.18,183.4,107,8.25,0,0,3464
189,Orlando1,321,112,no,yes,36,113.7,117,19.33,157.5,82,13.39,177.6,118,7.99,2,0,1244
190,Orlando1,321,113,no,no,0,81.3,116,13.82,220.6,124,18.75,235.7,113,10.61,0,0,5892
191,Orlando1,321,113,no,no,0,207.2,113,35.22,256.0,80,21.76,211.0,87,9.49,1,0,7648
193,Orlando1,321,114,no,no,0,84.7,118,14.4,249.9,86,21.24,193.4,95,8.7,1,0,1099
195,Orlando1,321,114,no,no,0,202.1,100,34.36,195.7,102,16.63,291.8,120,13.13,2,0,2376
196,Orlando1,321,114,no,yes,31,222.8,98,37.88,180.5,105,15.34,151.3,101,6.81,0,0,4626
197,Orlando1,321,115,no,no,0,99.7,107,16.95,145.1,96,12.33,149.4,99,6.72,2,0,5102
198,Orlando1,321,115,no,no,0,146.7,128,24.94,106.2,74,9.03,197.7,104,8.9,2,0,7224
199,Orlando1,321,115,no,no,0,245.2,105,41.68,159.0,109,13.52,229.9,74,10.35,0,0,3704
200,Orlando1,321,116,no,no,0,160.7,69,27.32,146.8,106,12.48,287.8,144,12.95,0,0,5519
201,Orlando1,321,116,no,yes,19,155.7,104,26.47,185.4,118,15.76,192.7,116,8.67,3,0,7527
202,Orlando1,321,116,no,yes,34,268.6,83,45.66,178.2,142,15.15,166.3,106,7.48,2,0,3371
203,Orlando1,321,117,no,no,0,191.1,93,32.49,282.8,56,24.04,84.8,118,3.82,2,0,2498
204,Orlando1,321,117,no,yes,20,205.7,98,34.97,136.1,107,11.57,159.4,147,7.17,2,0,3663
205,Orlando1,321,117,no,yes,31,104.9,115,17.83,237.6,125,20.2,263.4,104,11.85,3,0,2553
206,Orlando1,321,118,no,no,0,140.4,112,23.87,187.1,60,15.9,207.9,155,9.36,0,0,3320
207,Orlando1,321,118,no,no,0,154.6,112,26.28,184.2,105,15.66,217.4,102,9.78,2,0,3315
208,Orlando1,321,118,no,yes,42,148.7,105,25.28,167.3,105,14.22,270.6,105,12.18,0,0,8925
210,Orlando1,321,119,no,no,0,222.8,122,37.88,163.2,107,13.87,160.6,112,7.23,1,0,7649
211,Orlando1,321,119,no,yes,35,217.1,92,36.91,220.8,134,18.77,249.5,93,11.23,2,0,5718
212,Orlando1,321,120,no,no,0,158.0,110,26.86,197.0,103,16.75,154.9,132,6.97,1,0,5605
213,Orlando1,321,120,no,no,0,177.2,88,30.12,270.4,99,22.98,231.5,90,10.42,2,0,5810
214,Orlando1,321,120,no,yes,24,212.7,73,36.16,257.5,103,21.89,227.8,119,10.25,2,0,8967
216,Orlando1,321,121,no,yes,35,68.7,95,11.68,209.2,69,17.78,197.4,42,8.88,1,0,8909
217,Orlando1,321,122,no,no,0,145.6,102,24.75,284.7,111,24.2,228.2,91,10.27,0,0,3943
218,Orlando1,321,123,no,no,0,194.0,118,32.98,242.0,114,20.57,146.3,108,6.58,1,0,9104
219,Orlando1,321,123,no,no,0,206.9,115,35.17,224.4,86,19.07,197.4,60,8.88,3,0,7049
220,Orlando1,321,123,no,no,0,224.0,99,38.08,210.7,80,17.91,231.9,75,10.44,0,0,7560
222,Orlando1,321,124,no,no,0,160.9,109,27.35,144.2,152,12.26,120.4,97,5.42,1,0,4028
223,Orlando1,321,124,no,no,0,254.3,113,43.23,78.9,104,6.71,153.2,69,6.89,2,0,5361
225,Orlando1,321,125,no,no,0,140.1,132,23.82,209.6,126,17.82,264.1,77,11.88,1,0,8248
226,Orlando1,321,125,no,no,0,203.4,110,34.58,128.7,97,10.94,190.5,113,8.57,1,0,3562
227,Orlando1,321,125,no,no,0,206.0,128,35.02,198.1,71,16.84,135.9,116,6.12,0,0,7597
229,Orlando1,321,127,no,no,,139.6,94,23.73,240.9,112,20.48,127.1,88,5.72,2,0,9462
230,Orlando1,321,127,no,yes,22,166.0,114,28.22,174.5,103,14.83,244.9,68,11.02,1,0,1090
231,Orlando1,321,128,no,no,0,125.2,99,21.28,205.4,107,17.46,254.4,111,11.45,0,0,5890
232,Orlando1,321,128,no,no,0,147.7,94,25.11,283.3,83,24.08,188.3,124,8.47,2,0,2170
236,Orlando1,321,130,no,no,0,176.3,140,29.97,201.0,104,17.09,161.9,123,7.29,1,0,6031
239,Orlando1,321,131,no,no,0,110.9,74,18.85,115.6,90,9.83,190.5,114,8.57,1,0,9779
240,Orlando1,321,131,no,yes,24,135.9,60,23.1,233.2,78,19.82,210.6,121,9.48,1,0,3492
242,Orlando1,321,132,no,no,0,121.5,88,20.66,253.0,124,21.51,195.7,120,8.81,1,0,4720
244,Orlando1,321,132,no,yes,31,174.5,101,29.67,245.6,105,20.88,172.8,76,7.78,1,0,4281
245,Orlando1,321,133,no,no,0,201.7,85,34.29,169.4,116,14.4,286.3,80,12.88,0,0,8318
246,Orlando1,321,133,yes,no,0,127.3,108,21.64,251.3,81,21.36,135.0,88,6.08,1,0,4369
247,Orlando1,321,134,no,no,0,202.7,105,34.46,224.9,90,19.12,253.9,108,11.43,0,0,6826
248,Orlando1,321,135,no,no,0,155.2,100,26.38,135.9,84,11.55,184.6,82,8.31,3,0,8177
249,Orlando1,321,135,no,no,0,239.9,91,40.78,177.1,104,15.05,217.2,118,9.77,2,0,2524
250,Orlando1,321,136,no,no,0,92.4,109,15.71,219.0,115,18.62,212.6,80,9.57,2,0,1329
251,Orlando1,321,137,no,no,0,109.8,120,18.67,230.5,86,19.59,255.8,103,11.51,1,0,7955
252,Orlando1,321,137,no,no,0,144.0,90,24.48,181.6,100,15.44,128.1,93,5.76,0,0,2110
253,Orlando1,321,137,no,no,0,208.8,120,35.5,225.3,100,19.15,221.6,130,9.97,0,0,3187
254,Orlando1,321,138,no,no,0,133.9,87,22.76,166.4,110,14.14,193.5,139,8.71,1,0,5586
255,Orlando1,321,138,no,no,0,230.1,107,39.12,212.0,120,18.02,174.9,119,7.87,1,0,4352
256,Orlando1,321,138,no,yes,26,183.9,83,31.26,240.7,93,20.46,185.7,125,8.36,1,0,8715
259,Orlando1,321,139,no,no,0,203.2,81,34.54,152.5,99,12.96,197.8,76,8.9,2,0,8964
261,Orlando1,321,139,no,yes,20,214.6,101,36.48,235.1,132,19.98,162.8,132,7.33,0,0,3528
262,Orlando1,321,143,no,no,0,119.1,117,20.25,287.7,136,24.45,223.0,100,10.04,0,0,6314
264,Orlando1,321,144,no,no,0,133.3,101,22.66,255.5,127,21.72,228.6,68,10.29,0,0,7696
265,Orlando1,321,145,no,no,0,129.4,97,22.0,185.4,101,15.76,204.7,106,9.21,2,0,3375
266,Orlando1,321,147,no,no,0,168.6,92,28.66,187.7,107,15.95,216.5,95,9.74,2,0,8914
268,Orlando1,321,148,no,yes,33,241.7,84,41.09,165.8,84,14.09,160.6,80,7.23,1,0,9995
269,Orlando1,321,148,no,yes,36,77.6,141,13.19,207.0,60,17.6,255.7,115,11.51,1,0,5501
270,Orlando1,321,148,no,yes,38,209.2,110,35.56,116.6,73,9.91,109.6,105,4.93,2,0,1002
271,Orlando1,321,149,no,yes,20,198.9,77,33.81,274.0,88,23.29,190.7,76,8.58,1,0,7209
272,Orlando1,321,151,no,no,0,235.9,104,40.1,80.6,91,6.85,212.8,116,9.58,3,0,4712
274,Orlando1,321,154,no,no,0,166.9,99,28.37,154.9,97,13.17,189.4,89,8.52,0,0,8670
275,Orlando1,321,156,no,no,0,174.5,65,29.67,197.4,116,16.78,238.5,86,10.73,0,0,3296
276,Orlando1,321,157,no,yes,29,219.2,102,37.26,206.0,109,17.51,192.4,117,8.66,1,0,6647
277,Orlando1,321,159,no,no,0,114.8,98,19.52,192.6,101,16.37,259.0,108,11.66,0,0,1899
278,Orlando1,321,159,no,yes,19,184.1,78,31.3,194.5,71,16.53,225.6,101,10.15,0,0,2176
280,Orlando1,321,161,no,no,0,178.1,109,30.28,146.5,86,12.45,137.6,78,6.19,1,0,4685
281,Orlando1,321,161,no,no,0,221.7,95,37.69,193.0,82,16.41,194.1,113,8.73,3,0,8005
282,Orlando1,321,164,no,no,0,160.6,111,27.3,163.2,126,13.87,187.1,112,8.42,1,0,4819
283,Orlando1,321,165,no,no,0,207.7,109,35.31,164.8,94,14.01,54.5,91,2.45,0,0,6630
284,Orlando1,321,165,no,no,0,216.6,126,36.82,190.8,104,16.22,224.7,123,10.11,0,0,3356
285,Orlando1,321,165,no,yes,33,111.6,140,18.97,213.3,111,18.13,267.6,115,12.04,0,0,8453
286,Orlando1,321,166,yes,yes,28,175.8,126,29.89,253.6,76,21.56,128.5,72,5.78,1,0,9163
288,Orlando1,321,167,no,no,0,166.4,85,28.29,243.2,135,20.67,229.2,95,10.31,1,0,7494
291,Orlando1,321,169,no,no,0,235.7,79,40.07,136.9,85,11.64,220.9,97,9.94,1,0,9239
292,Orlando1,321,170,no,yes,37,178.1,130,30.28,242.8,103,20.64,243.0,93,10.93,0,0,2465
294,Orlando1,321,173,no,yes,21,232.4,96,39.51,211.9,118,18.01,273.0,102,12.29,3,0,5819
296,Orlando1,321,191,no,no,0,162.0,104,27.54,241.2,120,20.5,210.4,83,9.47,1,0,8398
298,Orlando1,321,193,no,no,0,170.9,124,29.05,132.3,95,11.25,112.9,89,5.08,1,0,4391
299,Orlando1,321,197,no,no,0,154.8,111,26.32,171.5,102,14.58,227.3,86,10.23,3,0,8405
300,Orlando2,407,1,no,no,0,144.8,107,24.62,112.5,66,9.56,218.7,79,9.84,1,0,3977
302,Orlando2,407,6,no,no,0,183.6,117,31.21,256.7,72,21.82,178.6,79,8.04,1,0,9994
303,Orlando2,407,16,no,no,0,209.5,89,35.62,172.8,85,14.69,94.1,102,4.23,1,0,9417
304,Orlando2,407,21,no,no,0,91.9,109,15.62,198.4,111,16.86,171.7,125,7.73,2,0,5582
305,Orlando2,407,23,no,yes,31,156.6,84,26.62,161.5,96,13.73,294.6,107,13.26,1,0,3089
306,Orlando2,407,24,no,no,0,241.9,104,41.12,145.2,112,12.34,214.5,105,9.65,1,0,2077
308,Orlando2,407,27,no,no,0,72.7,75,12.36,208.6,117,17.73,65.8,71,2.96,1,0,6850
310,Orlando2,407,33,no,no,0,182.5,65,31.03,232.1,96,19.73,149.2,82,6.71,2,0,6211
311,Orlando2,407,33,no,yes,35,161.9,85,27.52,151.2,82,12.85,191.0,131,8.59,1,0,7607
312,Orlando2,407,35,no,no,0,124.2,102,21.11,123.9,115,10.53,135.7,100,6.11,2,0,7291
313,Orlando2,407,37,no,no,0,191.1,69,32.49,129.2,113,10.98,207.5,117,9.34,0,0,1243
314,Orlando2,407,37,no,yes,20,264.7,81,45.0,216.5,110,18.4,210.7,102,9.48,0,0,7404
316,Orlando2,407,42,no,no,0,155.4,127,26.42,164.1,45,13.95,157.7,128,7.1,0,0,1528
317,Orlando2,407,43,no,no,0,84.2,134,14.31,80.8,103,6.87,196.1,79,8.82,1,0,7685
318,Orlando2,407,45,no,no,,112.8,108,19.18,218.8,120,18.6,240.2,106,10.81,2,0,9501
319,Orlando2,407,45,no,no,0,96.1,103,16.34,246.8,134,20.98,229.7,92,10.34,1,0,6264
320,Orlando2,407,45,no,no,0,142.4,107,24.21,318.7,78,27.09,224.1,108,10.08,1,0,4351
321,Orlando2,407,45,no,no,0,211.3,87,35.92,165.7,97,14.08,265.9,72,11.97,1,0,5763
322,Orlando2,407,46,no,no,0,40.4,105,6.87,172.4,83,14.65,145.1,89,6.53,2,0,9775
323,Orlando2,407,46,no,no,0,124.8,133,21.22,157.3,143,13.37,199.3,72,8.97,2,0,1833
324,Orlando2,407,46,no,no,0,214.1,72,36.4,164.4,104,13.97,177.5,113,7.99,2,0,8887
325,Orlando2,407,47,no,no,0,155.3,116,26.4,188.2,85,16.0,247.0,73,11.12,3,0,7353
326,Orlando2,407,51,no,no,0,197.8,60,33.63,221.0,64,18.79,168.6,134,7.59,1,0,7288
327,Orlando2,407,51,no,no,0,227.2,89,38.62,194.4,106,16.52,243.4,126,10.95,0,0,3740
328,Orlando2,407,51,no,yes,28,276.7,121,47.04,203.7,99,17.31,246.2,88,11.08,0,0,6986
329,Orlando2,407,53,no,no,0,184.8,98,31.42,216.4,125,18.39,141.1,116,6.35,2,0,1418
330,Orlando2,407,53,no,no,0,205.1,86,34.87,160.5,95,13.64,149.5,142,6.73,3,0,3011
331,Orlando2,407,53,no,yes,32,131.2,63,22.3,227.4,125,19.33,178.9,105,8.05,2,0,9723
332,Orlando2,407,55,no,no,0,194.1,121,33.0,176.6,110,15.01,302.8,136,13.63,2,0,2611
333,Orlando2,407,55,no,no,0,245.5,130,41.74,192.7,54,16.38,141.7,83,6.38,1,0,3761
334,Orlando2,407,55,yes,no,0,221.0,115,37.57,165.4,97,14.06,235.4,117,10.59,1,0,7562
336,Orlando2,407,56,no,no,0,197.0,110,33.49,222.8,102,18.94,225.3,91,10.14,2,0,5722
337,Orlando2,407,56,no,yes,24,121.7,87,20.69,184.0,76,15.64,266.6,98,12.0,1,0,5988
338,Orlando2,407,56,no,yes,30,127.1,89,21.61,172.1,116,14.63,194.6,111,8.76,1,0,1477
339,Orlando2,407,57,no,no,0,85.9,92,14.6,193.9,127,16.48,231.5,93,10.42,0,0,4004
341,Orlando2,407,58,no,no,0,131.9,,22.42,167.6,107,14.25,205.9,106,9.27,3,0,1134
342,Orlando2,407,58,no,no,0,210.1,126,35.72,248.9,108,21.16,158.6,88,7.14,4,0,2762
343,Orlando2,407,59,no,no,0,160.9,95,27.35,251.2,65,21.35,273.4,97,12.3,3,0,5564
344,Orlando2,407,59,no,no,0,166.3,95,28.27,239.3,87,20.34,123.2,108,5.54,2,0,4567
345,Orlando2,407,59,no,no,0,189.7,100,32.25,115.9,133,9.85,220.6,115,9.93,0,0,9391
346,Orlando2,407,60,no,no,0,145.0,133,24.65,209.1,92,17.77,328.5,112,14.78,1,0,4504
348,Orlando2,407,60,no,no,0,252.7,97,42.96,221.1,121,18.79,109.9,100,4.95,2,0,1852
352,Orlando2,407,61,yes,yes,29,128.2,119,21.79,171.7,83,14.59,250.9,114,11.29,3,0,3843
353,Orlando2,407,62,no,no,0,98.9,103,16.81,135.4,122,11.51,236.6,82,10.65,1,0,8743
355,Orlando2,407,63,no,yes,33,184.2,111,31.31,312.6,89,26.57,264.0,55,11.88,1,0,7817
356,Orlando2,407,64,no,no,0,113.8,97,19.35,192.3,97,16.35,214.9,89,9.67,3,0,1126
359,Orlando2,407,65,no,no,0,211.3,120,35.92,162.6,122,13.82,134.7,118,6.06,3,0,5450
361,Orlando2,407,66,no,no,0,201.3,95,34.22,152.8,66,12.99,233.2,101,10.49,1,0,2750
362,Orlando2,407,66,no,no,0,205.1,102,34.87,232.7,109,19.78,259.9,95,11.7,2,0,5900
363,Orlando2,407,67,no,no,0,171.7,80,29.19,110.4,81,9.38,195.4,111,8.79,2,0,1835
364,Orlando2,407,67,no,no,0,201.4,101,34.24,97.6,122,8.3,202.5,119,9.11,0,0,1431
365,Orlando2,407,67,no,no,0,310.4,97,52.77,66.5,123,5.65,246.5,99,11.09,4,0,6784
366,Orlando2,407,67,no,yes,30,129.6,107,22.03,233.0,104,19.81,297.0,93,13.37,1,0,4843
367,Orlando2,407,68,no,no,0,172.7,95,29.36,139.1,90,11.82,174.3,99,7.84,2,0,1000
368,Orlando2,407,68,no,no,0,226.7,94,38.54,168.4,129,14.31,188.7,117,8.49,0,0,1525
369,Orlando2,407,68,no,yes,24,176.0,118,29.92,277.9,116,23.62,174.7,71,7.86,1,0,7076
371,Orlando2,407,70,no,no,0,7.9,100,1.34,136.4,83,11.59,156.6,89,7.05,0,0,9233
372,Orlando2,407,70,no,no,0,126.3,99,21.47,141.6,106,12.04,255.9,96,11.52,0,0,4757
373,Orlando2,407,70,no,no,0,170.2,98,28.93,155.2,102,13.19,228.6,76,10.29,1,0,1967
374,Orlando2,407,70,no,no,0,197.3,91,33.54,305.8,81,25.99,171.0,105,7.69,1,0,8132
376,Orlando2,407,72,no,no,0,118.2,106,20.09,167.2,136,14.21,214.2,106,9.64,3,0,8026
377,Orlando2,407,72,no,no,0,196.5,88,33.41,158.6,129,13.48,269.3,118,12.12,0,0,5663
378,Orlando2,407,73,no,yes,28,198.2,107,33.69,139.1,123,11.82,199.1,139,8.96,2,0,4512
379,Orlando2,407,74,no,no,0,85.7,83,14.57,247.7,67,21.05,142.4,85,6.41,2,0,1514
380,Orlando2,407,74,no,no,0,102.7,89,17.46,149.3,100,12.69,188.1,114,8.46,0,0,5377
381,Orlando2,407,74,no,no,0,155.7,116,26.47,173.7,63,14.76,257.4,97,11.58,0,0,9293
384,Orlando2,407,75,no,no,0,224.7,116,38.2,192.0,79,16.32,212.2,98,9.55,3,0,2091
385,Orlando2,407,75,no,yes,37,121.5,97,20.66,271.4,110,23.07,248.7,97,11.19,2,0,7387
386,Orlando2,407,76,no,yes,33,189.7,66,32.25,212.8,65,18.09,165.7,108,7.46,1,0,2992
388,Orlando2,407,77,no,no,0,144.9,136,24.63,151.3,115,12.86,252.4,73,11.36,2,0,1398
389,Orlando2,407,77,no,no,0,169.4,102,28.8,184.9,144,15.72,234.3,89,10.54,1,0,1532
391,Orlando2,407,78,no,no,0,109.5,105,18.62,286.1,90,24.32,247.6,113,11.14,1,0,3126
392,Orlando2,407,78,no,no,0,155.0,106,26.35,175.3,101,14.9,155.6,125,7.0,2,0,7390
393,Orlando2,407,78,no,no,0,191.7,122,32.59,241.4,88,20.52,203.5,86,9.16,1,0,7561
394,Orlando2,407,78,no,no,0,193.1,85,32.83,172.1,105,14.63,129.6,119,5.83,0,0,9698
395,Orlando2,407,79,no,no,0,152.2,112,25.87,177.2,132,15.06,96.4,87,4.34,1,0,2752
397,Orlando2,407,79,no,yes,17,167.9,114,28.54,243.7,93,20.71,211.9,114,9.54,1,0,6935
398,Orlando2,407,79,no,yes,21,264.3,79,44.93,202.8,118,17.24,173.4,92,7.8,4,0,1647
399,Orlando2,407,80,no,no,0,160.6,103,27.3,237.0,109,20.15,245.1,88,11.03,1,0,7514
401,Orlando2,407,81,no,no,0,220.8,77,37.54,148.5,87,12.62,183.9,100,8.28,2,0,4200
404,Orlando2,407,82,no,yes,29,207.2,111,35.22,254.1,137,21.6,169.3,92,7.62,2,0,9049
405,Orlando2,407,83,no,no,0,117.9,101,20.04,160.4,92,13.63,235.3,150,10.59,0,0,2356
406,Orlando2,407,84,no,no,0,130.2,105,22.13,278.0,60,23.63,305.4,74,13.74,2,0,1534
407,Orlando2,407,84,no,no,0,181.5,129,30.86,130.7,112,11.11,186.5,118,8.39,1,0,1303
408,Orlando2,407,84,no,no,0,203.4,125,34.58,182.9,88,15.55,213.7,121,9.62,1,0,1904
409,Orlando2,407,84,no,yes,12,89.7,87,15.25,138.6,73,11.78,165.8,114,7.46,1,0,9090
410,Orlando2,407,85,no,no,0,126.1,112,21.44,274.7,126,23.35,184.4,95,8.3,1,0,8924
411,Orlando2,407,86,no,no,0,148.2,71,25.19,285.1,91,24.23,166.4,155,7.49,2,0,6308
412,Orlando2,407,86,no,no,0,217.8,93,37.03,214.7,95,18.25,228.7,70,10.29,0,0,1132
413,Orlando2,407,86,no,no,0,223.9,75,38.06,155.7,109,13.23,150.2,143,6.76,1,0,1337
415,Orlando2,407,88,no,no,0,161.5,92,27.46,173.5,108,14.75,206.2,95,9.28,2,0,4162
416,Orlando2,407,88,no,yes,28,190.6,104,32.4,237.3,105,20.17,211.6,116,9.52,2,0,2187
417,Orlando2,407,89,no,no,0,197.1,110,33.51,165.9,115,14.1,227.3,106,10.23,1,0,9144
418,Orlando2,407,89,no,yes,24,97.8,98,16.63,207.2,67,17.61,214.5,126,9.65,0,0,1537
419,Orlando2,407,89,no,yes,25,215.1,140,36.57,197.4,69,16.78,162.1,117,7.29,1,0,4728
420,Orlando2,407,90,no,no,0,109.9,102,18.68,220.8,114,18.77,104.0,133,4.68,0,0,4788
421,Orlando2,407,90,no,no,0,222.0,93,37.74,187.0,103,15.9,282.3,124,12.7,2,0,5679
422,Orlando2,407,90,no,yes,29,150.1,109,25.52,264.7,103,22.5,178.4,97,8.03,1,0,6748
423,Orlando2,407,92,no,no,0,91.7,90,15.59,193.7,123,16.46,175.0,86,7.88,2,0,5939
424,Orlando2,407,92,no,no,0,139.8,98,23.77,174.9,143,14.87,201.6,135,9.07,2,0,9901
425,Orlando2,407,92,no,no,0,181.4,98,30.84,164.5,98,13.98,171.0,110,7.69,2,0,2759
427,Orlando2,407,93,no,yes,36,178.7,134,30.38,178.6,102,15.18,126.8,82,5.71,2,0,5491
429,Orlando2,407,94,no,no,0,108.0,79,18.36,241.9,152,20.56,252.1,92,11.34,3,0,8891
430,Orlando2,407,94,no,no,0,139.4,95,23.7,159.1,92,13.52,128.2,129,5.77,0,0,9945
431,Orlando2,407,94,no,no,0,190.4,91,32.37,92.0,107,7.82,224.8,108,10.12,2,0,1123
432,Orlando2,407,95,no,no,0,149.2,,25.36,260.7,116,22.16,201.0,120,9.05,1,0,7803
433,Orlando2,407,95,no,no,0,174.0,57,29.58,281.1,118,23.89,197.2,94,8.87,0,0,7784
435,Orlando2,407,96,no,no,0,106.6,128,18.12,284.8,87,24.21,178.9,92,8.05,1,0,6812
436,Orlando2,407,96,no,yes,23,183.1,88,31.13,147.4,89,12.53,350.2,108,15.76,1,0,4641
437,Orlando2,407,96,no,yes,27,261.3,96,44.42,220.9,101,18.78,179.4,97,8.07,1,0,2881
438,Orlando2,407,96,no,yes,40,108.6,90,18.46,206.4,154,17.54,126.3,118,5.68,0,0,3223
439,Orlando2,407,97,no,no,0,169.7,84,28.85,165.9,86,14.1,191.9,83,8.64,3,0,3596
440,Orlando2,407,97,no,no,0,211.0,76,35.87,189.0,100,16.07,123.0,102,5.54,3,0,2891
441,Orlando2,407,97,no,no,0,215.3,58,36.6,242.4,91,20.6,279.8,105,12.59,0,0,7285
442,Orlando2,407,97,no,no,0,239.8,125,40.77,214.8,111,18.26,143.3,81,6.45,2,0,3266
444,Orlando2,407,98,no,no,0,288.1,101,48.98,137.9,93,11.72,206.5,88,9.29,0,0,7452
445,Orlando2,407,98,no,yes,29,179.9,97,30.58,189.2,89,16.08,164.3,76,7.39,3,0,5817
447,Orlando2,407,99,no,no,0,200.0,66,34.0,107.9,104,9.17,233.7,82,10.52,3,0,9981
448,Orlando2,407,99,no,no,0,254.4,120,43.25,159.3,92,13.54,264.4,94,11.9,1,0,6628
450,Orlando2,407,100,no,no,0,160.3,138,27.25,221.3,92,18.81,150.4,120,6.77,0,0,5258
452,Orlando2,407,100,no,yes,26,153.7,115,26.13,137.8,146,11.71,213.5,104,9.61,1,0,9861
453,Orlando2,407,100,no,yes,29,213.6,127,36.31,175.9,82,14.95,207.2,100,9.32,1,0,5202
454,Orlando2,407,100,yes,no,0,219.4,112,37.3,225.7,102,19.18,255.3,95,11.49,4,0,9449
455,Orlando2,407,101,no,no,0,0.0,0,0.0,192.1,119,16.33,168.8,95,7.6,1,0,7655
457,Orlando2,407,101,yes,no,0,156.4,116,26.59,130.4,114,11.08,207.3,109,9.33,1,0,3341
458,Orlando2,407,102,no,no,0,114.8,125,19.52,81.9,126,6.96,304.3,101,13.69,0,0,6316
459,Orlando2,407,102,no,no,0,174.5,79,29.67,236.8,136,20.13,270.4,110,12.17,0,0,5788
460,Orlando2,407,102,no,no,0,224.7,81,38.2,129.4,112,11.0,167.6,109,7.54,1,0,7622
462,Orlando2,407,103,no,yes,28,121.0,105,20.57,270.4,100,22.98,160.5,76,7.22,2,0,9196
463,Orlando2,407,103,yes,no,0,62.8,124,10.68,170.4,66,14.48,280.2,78,12.61,3,0,3678
464,Orlando2,407,104,no,no,0,164.2,109,27.91,155.4,90,13.21,168.9,117,7.6,1,0,7217
465,Orlando2,407,104,no,yes,26,189.1,112,32.15,178.2,97,15.15,199.3,104,8.97,1,0,1793
466,Orlando2,407,105,no,no,0,212.0,113,36.04,226.6,128,19.26,193.6,114,8.71,3,0,5750
467,Orlando2,407,106,no,no,0,119.2,142,20.26,228.4,139,19.41,197.9,61,8.91,2,0,2436
468,Orlando2,407,106,no,no,0,191.4,124,32.54,200.7,116,17.06,230.1,76,10.35,1,0,8162
469,Orlando2,407,106,no,no,0,223.0,121,37.91,110.1,98,9.36,188.7,107,8.49,0,0,1567
471,Orlando2,407,107,no,no,0,86.8,95,14.76,108.1,85,9.19,204.3,87,9.19,1,0,3804
472,Orlando2,407,107,no,no,0,103.4,94,17.58,189.3,125,16.09,227.2,125,10.22,1,0,2734
473,Orlando2,407,107,no,no,0,189.7,76,32.25,156.1,65,13.27,244.0,91,10.98,5,0,1399
474,Orlando2,407,107,no,yes,28,201.8,79,34.31,304.9,128,25.92,225.6,133,10.15,1,0,5062
475,Orlando2,407,107,no,yes,32,134.2,101,22.81,211.9,145,18.01,167.6,138,7.54,1,0,4770
476,Orlando2,407,108,no,no,0,73.8,105,12.55,143.4,114,12.19,170.2,98,7.66,2,0,4665
477,Orlando2,407,109,no,no,0,137.0,128,23.29,217.0,116,18.45,182.1,86,8.19,2,0,8808
478,Orlando2,407,109,yes,yes,26,217.2,138,36.92,145.5,111,12.37,280.7,76,12.63,0,0,9691
479,Orlando2,407,110,no,no,0,208.0,69,35.36,95.1,94,8.08,178.5,129,8.03,1,0,2434
481,Orlando2,407,111,no,no,0,246.5,108,41.91,216.3,89,18.39,179.6,99,8.08,2,0,6438
483,Orlando2,407,112,no,no,0,115.8,108,19.69,243.3,111,20.68,184.6,78,8.31,1,0,5953
484,Orlando2,407,112,no,no,0,261.4,108,44.44,154.5,102,13.13,130.9,90,5.89,1,0,5286
486,Orlando2,407,112,yes,yes,16,200.3,72,34.05,197.8,91,16.81,151.1,92,6.8,1,0,2928
487,Orlando2,407,113,no,no,0,215.9,93,36.7,240.1,85,20.41,156.7,123,7.05,3,0,5505
488,Orlando2,407,113,no,yes,32,180.4,89,30.67,129.4,124,11.0,166.9,124,7.51,,0,8112
489,Orlando2,407,114,no,no,0,191.5,88,32.56,175.2,78,14.89,220.3,118,9.91,0,0,2602
490,Orlando2,407,115,no,no,0,147.9,109,25.14,228.4,117,19.41,299.7,90,13.49,3,0,3525
491,Orlando2,407,115,no,no,0,178.7,114,30.38,271.0,96,23.04,245.9,94,11.07,2,0,5802
493,Orlando2,407,115,no,yes,29,222.6,81,37.84,190.3,109,16.18,201.2,87,9.05,1,0,6669
494,Orlando2,407,115,no,yes,33,145.0,72,24.65,194.5,157,16.53,242.3,138,10.9,2,0,6128
495,Orlando2,407,116,no,no,0,110.9,54,18.85,213.4,82,18.14,186.2,116,8.38,2,0,1320
496,Orlando2,407,116,no,no,0,129.4,84,22.0,157.3,89,13.37,215.5,77,9.7,0,0,4911
497,Orlando2,407,116,no,no,0,137.4,126,23.36,120.0,94,10.2,130.3,64,5.86,3,0,3527
498,Orlando2,407,116,no,no,0,167.8,119,28.53,142.0,123,12.07,190.7,128,8.58,2,0,3535
499,Orlando2,407,116,no,no,0,197.9,84,33.64,168.1,113,14.29,239.8,145,10.79,1,0,6266
500,Orlando2,407,116,no,no,0,229.3,93,38.98,184.5,111,15.68,168.2,91,7.57,2,0,2478
501,Orlando2,407,116,no,no,0,245.9,73,41.8,240.1,87,20.41,158.7,89,7.14,3,0,6832
502,Orlando2,407,116,no,yes,24,232.9,90,39.59,152.1,94,12.93,344.3,82,15.49,1,0,2929
503,Orlando2,407,116,no,yes,44,230.6,94,39.2,224.1,103,19.05,244.0,76,10.98,0,0,5639
504,Orlando2,407,117,no,no,0,102.3,100,17.39,135.2,104,11.49,199.7,93,8.99,3,0,8827
505,Orlando2,407,119,no,yes,29,117.8,66,20.03,256.8,114,21.83,147.6,76,6.64,3,0,3222
506,Orlando2,407,120,no,no,0,134.8,94,22.92,204.1,106,17.35,238.4,109,10.73,1,0,7602
507,Orlando2,407,120,no,no,0,221.3,106,37.62,267.6,98,22.75,111.5,80,5.02,0,0,4052
508,Orlando2,407,120,no,no,0,252.1,110,42.86,226.1,103,19.22,155.6,83,7.0,1,0,5547
509,Orlando2,407,122,no,no,0,168.3,96,28.61,87.6,91,7.45,247.2,87,11.12,1,0,9969
510,Orlando2,407,122,no,yes,22,204.5,92,34.77,139.6,121,11.87,205.0,103,9.23,2,0,7227
512,Orlando2,407,123,no,no,0,105.0,150,17.85,251.6,90,21.39,258.0,93,11.61,0,0,9575
513,Orlando2,407,123,no,no,0,159.5,77,27.12,303.8,92,25.82,226.9,120,10.21,0,0,1749
514,Orlando2,407,123,no,yes,28,124.7,105,21.2,250.4,78,21.28,216.4,128,9.74,1,0,3422
515,Orlando2,407,124,no,no,0,157.4,107,26.76,167.8,112,14.26,188.8,102,8.5,3,0,5274
516,Orlando2,407,124,no,no,0,158.6,104,26.96,211.2,77,17.95,179.3,104,8.07,3,0,6990
517,Orlando2,407,124,no,no,0,188.5,77,32.05,182.0,123,15.47,218.2,127,9.82,1,0,6265
519,Orlando2,407,124,no,yes,30,144.5,35,24.57,262.3,101,22.3,226.5,82,10.19,2,0,5652
520,Orlando2,407,125,no,no,0,182.3,64,30.99,139.8,121,11.88,171.6,96,7.72,2,0,6400
523,Orlando2,407,126,yes,yes,34,244.9,118,41.63,219.6,105,18.67,210.8,136,9.49,4,0,3722
524,Orlando2,407,127,no,no,0,96.0,117,16.32,177.0,68,15.05,162.2,127,7.3,3,0,8462
526,Orlando2,407,127,no,yes,27,2.6,113,0.44,254.0,102,21.59,242.7,156,10.92,3,0,1128
527,Orlando2,407,127,no,yes,27,140.1,59,23.82,223.4,111,18.99,257.9,73,11.61,1,0,1280
528,Orlando2,407,127,yes,yes,28,95.9,117,16.3,159.5,131,13.56,152.8,132,6.88,1,0,3726
529,Orlando2,407,128,no,no,0,103.3,122,17.56,245.9,123,20.9,161.1,95,7.25,0,0,7773
530,Orlando2,407,128,no,no,0,216.0,111,36.72,153.7,115,13.06,227.0,74,10.22,1,0,8796
531,Orlando2,407,129,no,no,0,98.0,99,16.66,240.7,62,20.46,254.8,123,11.47,0,0,1104
532,Orlando2,407,129,no,no,0,101.4,145,17.24,249.1,116,21.17,157.6,107,7.09,1,0,4534
533,Orlando2,407,129,no,no,0,216.0,85,36.72,186.9,114,15.89,210.7,109,9.48,2,0,7978
534,Orlando2,407,130,no,no,0,68.4,86,11.63,193.3,110,16.43,171.5,139,7.72,0,0,4003
535,Orlando2,407,130,no,no,0,124.3,70,21.13,270.7,99,23.01,239.5,83,10.78,0,0,7726
536,Orlando2,407,130,no,yes,19,152.9,87,25.99,213.2,99,18.12,205.3,114,9.24,2,0,3821
537,Orlando2,407,131,no,yes,39,69.1,122,11.75,101.3,136,8.61,104.8,94,4.72,0,0,3174
538,Orlando2,407,132,no,no,0,81.1,86,13.79,245.2,72,20.84,237.0,115,10.67,0,0,4696
540,Orlando2,407,132,no,yes,36,201.9,93,34.32,156.3,75,13.29,131.3,92,5.91,0,0,9274
541,Orlando2,407,133,no,no,0,227.4,90,38.66,73.2,135,6.22,114.3,99,5.14,0,0,3194
543,Orlando2,407,133,no,yes,39,239.9,107,40.78,253.8,77,21.57,128.7,85,5.79,5,0,1464
546,Orlando2,407,134,no,yes,32,216.8,78,36.86,102.2,111,8.69,174.0,83,7.83,0,0,7037
547,Orlando2,407,134,no,yes,50,208.8,130,35.5,132.9,104,11.3,136.7,107,6.15,2,0,7255
548,Orlando2,407,135,no,no,0,194.8,97,33.12,235.3,118,20.0,174.4,126,7.85,1,0,3994
549,Orlando2,407,135,no,no,0,218.8,123,37.2,242.8,64,20.64,85.8,80,3.86,4,0,2947
550,Orlando2,407,136,no,yes,24,174.6,76,29.68,176.6,114,15.01,214.4,91,9.65,2,0,7071
551,Orlando2,407,136,no,yes,27,187.7,84,31.91,221.0,147,18.79,145.7,110,6.56,3,0,7650
552,Orlando2,407,137,no,no,0,97.5,95,16.58,195.8,82,16.64,288.8,78,13.0,1,0,9145
553,Orlando2,407,137,no,no,0,127.0,107,21.59,323.2,75,27.47,143.9,127,6.48,1,0,4257
554,Orlando2,407,137,no,no,0,147.2,119,25.02,192.8,91,16.39,172.7,105,7.77,1,0,2347
555,Orlando2,407,137,no,no,0,174.4,120,29.65,156.3,98,13.29,136.5,121,6.14,0,0,3589
557,Orlando2,407,138,no,no,0,220.2,89,37.43,88.3,125,7.51,195.3,79,8.79,0,0,5751
558,Orlando2,407,138,no,no,0,241.8,93,41.11,170.5,83,14.49,295.3,104,13.29,3,0,1231
559,Orlando2,407,138,no,yes,33,155.2,139,26.38,268.3,79,22.81,186.4,71,8.39,3,0,5532
561,Orlando2,407,139,no,no,0,138.1,103,23.48,164.5,100,13.98,134.9,63,6.07,1,0,2845
562,Orlando2,407,139,no,no,0,271.6,130,46.17,156.0,131,13.26,136.3,108,6.13,2,0,9766
563,Orlando2,407,140,no,no,0,159.1,104,27.05,269.8,106,22.93,220.4,116,9.92,1,0,9598
565,Orlando2,407,141,no,yes,37,185.4,87,31.52,178.5,128,15.17,218.3,107,9.82,4,0,9511
566,Orlando2,407,142,no,no,0,232.5,74,39.53,181.8,142,15.45,203.1,86,9.14,4,0,4617
567,Orlando2,407,142,no,yes,26,220.5,94,37.49,239.5,126,20.36,254.3,109,11.44,2,0,4936
568,Orlando2,407,143,no,no,0,194.3,99,33.03,123.6,133,10.51,229.5,99,10.33,2,0,3439
571,Orlando2,407,146,yes,no,0,160.1,63,27.22,208.4,112,17.71,177.6,98,7.99,2,0,8543
572,Orlando2,407,147,yes,no,0,183.8,113,31.25,164.7,110,14.0,111.0,87,5.0,1,0,5995
573,Orlando2,407,148,no,no,0,153.6,148,26.11,262.1,87,22.28,225.5,99,10.15,2,0,6008
574,Orlando2,407,149,no,no,0,140.4,94,23.87,271.8,92,23.1,188.3,108,8.47,1,0,9891
575,Orlando2,407,149,no,no,0,196.3,,33.37,136.8,96,11.63,154.7,87,6.96,2,0,5930
576,Orlando2,407,150,no,yes,27,209.8,112,35.67,155.0,80,13.18,251.5,111,11.32,0,0,2148
577,Orlando2,407,150,no,yes,35,139.6,72,23.73,332.8,170,28.29,213.8,105,9.62,2,0,6268
578,Orlando2,407,151,no,yes,17,214.7,97,36.5,138.5,90,11.77,169.1,44,7.61,1,0,8265
580,Orlando2,407,155,yes,no,0,250.8,146,42.64,152.5,105,12.96,148.1,104,6.66,2,0,9531
581,Orlando2,407,156,yes,no,0,277.0,119,47.09,238.3,106,20.26,94.4,96,4.25,1,0,4518
582,Orlando2,407,157,no,no,0,196.0,74,33.32,213.4,96,18.14,196.8,81,8.86,1,0,7701
583,Orlando2,407,160,no,no,0,97.5,113,16.58,268.1,69,22.79,255.3,62,11.49,3,0,8436
584,Orlando2,407,160,no,no,0,206.3,66,35.07,241.1,109,20.49,227.8,102,10.25,0,0,9326
585,Orlando2,407,161,no,no,0,107.5,121,18.28,256.4,46,21.79,247.2,131,11.12,2,0,8011
586,Orlando2,407,162,no,no,0,115.1,89,19.57,196.8,111,16.73,212.4,98,9.56,2,0,6571
587,Orlando2,407,164,no,no,0,192.1,95,32.66,249.8,94,21.23,132.6,100,5.97,3,0,3939
588,Orlando2,407,166,no,no,0,136.1,116,23.14,181.4,93,15.42,131.4,108,5.91,0,0,1328
589,Orlando2,407,168,no,yes,22,175.9,70,29.9,211.7,105,17.99,174.5,81,7.85,2,0,6204
590,Orlando2,407,172,no,no,0,172.5,85,29.33,253.1,71,21.51,221.6,113,9.97,0,0,5347
592,Orlando2,407,174,no,no,0,239.2,72,40.66,188.5,124,16.02,105.6,116,4.75,1,0,5580
593,Orlando2,407,175,no,no,0,132.0,95,22.44,231.2,74,19.65,313.4,108,14.1,1,0,6127
594,Orlando2,407,177,no,no,0,175.7,120,29.87,168.6,90,14.33,198.9,110,8.95,1,0,9063
595,Orlando2,407,181,no,no,0,229.9,130,39.08,144.4,93,12.27,262.4,110,11.81,2,0,6304
596,Orlando2,407,182,no,no,0,176.1,90,29.94,174.9,106,14.87,234.7,134,10.56,1,0,7982
599,Orlando2,407,185,no,no,0,55.6,97,9.45,288.7,83,24.54,111.2,110,5.0,2,0,5034
600,Orlando2,407,192,no,no,0,185.0,88,31.45,224.9,98,19.12,212.4,105,9.56,2,0,6392
601,Orlando2,407,193,no,yes,17,124.0,102,21.08,202.9,81,17.25,205.1,129,9.23,1,0,4857
602,Orlando2,407,197,no,no,0,233.9,96,39.76,218.9,111,18.61,182.9,109,8.23,0,0,2922
1159,Jacksonville,904,1,no,yes,30,183.1,95,31.13,232.6,110,19.77,248.3,110,11.17,0,0,6780
1160,Jacksonville,904,9,no,yes,39,214.1,108,36.4,169.2,115,14.38,189.7,117,8.54,1,0,9885
1161,Jacksonville,904,10,no,no,0,186.1,112,31.64,190.2,66,16.17,282.8,57,12.73,2,0,4396
1162,Jacksonville,904,10,no,no,0,222.2,127,37.77,153.1,125,13.01,227.4,80,10.23,1,0,5697
1164,Jacksonville,904,18,no,no,0,273.6,93,46.51,114.6,116,9.74,250.6,120,11.28,1,0,7898
1165,Jacksonville,904,19,no,no,0,201.5,123,34.26,129.2,110,10.98,220.6,98,9.93,1,0,5597
1168,Jacksonville,904,28,no,no,0,168.2,87,28.59,161.7,92,13.74,192.4,112,8.66,3,0,5223
1170,Jacksonville,904,31,no,no,0,177.3,129,30.14,152.8,105,12.99,162.9,92,7.33,0,0,5649
1171,Jacksonville,904,32,no,no,0,157.9,88,26.84,180.8,132,15.37,132.5,102,5.96,1,0,4311
1172,Jacksonville,904,34,no,no,0,151.0,102,25.67,131.4,101,11.17,186.6,86,8.4,0,0,9342
1173,Jacksonville,904,35,no,yes,27,241.7,87,41.09,142.0,101,12.07,288.9,68,13.0,1,0,7627
1174,Jacksonville,904,37,no,no,0,134.9,98,22.93,248.4,130,21.11,236.2,113,10.63,3,0,7675
1175,Jacksonville,904,37,no,no,0,206.0,89,35.02,186.0,88,15.81,307.1,86,13.82,0,0,7332
1176,Jacksonville,904,37,no,no,0,221.0,126,37.57,204.5,110,17.38,118.0,98,5.31,4,0,2238
1177,Jacksonville,904,38,no,yes,31,197.2,118,33.52,249.9,70,21.24,298.9,104,13.45,0,0,5439
1178,Jacksonville,904,39,no,no,0,160.4,68,27.27,102.6,103,8.72,235.3,106,10.59,2,0,1889
1180,Jacksonville,904,41,no,yes,41,207.3,95,35.24,137.3,120,11.67,115.7,74,5.21,1,0,6110
1181,Jacksonville,904,42,no,no,0,146.3,84,24.87,255.9,113,21.75,45.0,117,2.03,1,0,7060
1183,Jacksonville,904,44,no,no,0,204.6,,34.78,205.2,94,17.44,164.6,84,7.41,0,0,4146
1185,Jacksonville,904,44,yes,no,0,62.3,92,10.59,275.0,82,23.38,138.7,108,6.24,1,0,7705
1186,Jacksonville,904,46,no,no,0,90.4,108,15.37,276.2,77,23.48,146.5,111,6.59,1,0,1502
1187,Jacksonville,904,46,no,no,0,156.4,105,26.59,185.5,98,15.77,226.7,96,10.2,1,0,6574
1188,Jacksonville,904,47,no,yes,30,196.6,93,33.42,241.4,140,20.52,226.0,118,10.17,2,0,3544
1190,Jacksonville,904,48,no,yes,27,141.1,109,23.99,224.7,94,19.1,174.3,122,7.84,1,0,3428
1191,Jacksonville,904,49,no,no,0,119.3,117,20.28,215.1,109,18.28,178.7,90,8.04,1,0,7789
1192,Jacksonville,904,50,no,yes,22,252.9,112,42.99,177.9,99,15.12,158.4,146,7.13,3,0,2107
1194,Jacksonville,904,50,yes,yes,26,307.1,94,52.21,289.4,78,24.6,174.9,109,7.87,0,0,5891
1195,Jacksonville,904,52,no,no,0,217.0,104,36.89,152.3,83,12.95,134.3,109,6.04,2,0,5562
1196,Jacksonville,904,53,no,no,0,119.7,113,20.35,189.7,84,16.12,256.2,108,11.53,2,0,9409
1197,Jacksonville,904,54,no,yes,39,206.9,143,35.17,127.8,72,10.86,199.2,120,8.96,3,0,2867
1198,Jacksonville,904,55,no,no,0,175.6,,29.85,161.8,118,13.75,289.5,55,13.03,0,0,6109
1201,Jacksonville,904,56,no,no,0,121.6,84,20.67,165.3,115,14.05,243.9,95,10.98,1,0,4865
1202,Jacksonville,904,56,no,no,0,210.4,80,35.77,176.6,96,15.01,149.7,56,6.74,1,0,2550
1203,Jacksonville,904,57,no,no,0,221.1,101,37.59,236.7,65,20.12,252.3,137,11.35,0,0,3139
1204,Jacksonville,904,57,no,yes,30,179.2,105,30.46,283.2,83,24.07,228.1,77,10.26,1,0,6237
1205,Jacksonville,904,58,no,yes,30,178.1,111,30.28,236.7,109,20.12,264.0,118,11.88,0,0,2740
1206,Jacksonville,904,59,no,no,0,153.6,92,26.11,205.5,88,17.47,114.5,89,5.15,1,0,3842
1207,Jacksonville,904,60,no,no,0,207.8,109,35.33,123.5,112,10.5,291.6,115,13.12,0,0,9430
1208,Jacksonville,904,60,yes,no,0,183.0,110,31.11,206.7,93,17.57,203.8,119,9.17,1,0,8351
1210,Jacksonville,904,62,no,no,0,182.3,101,30.99,328.2,93,27.9,245.0,131,11.03,2,0,9932
1211,Jacksonville,904,62,no,no,0,245.3,91,41.7,122.9,130,10.45,228.4,102,10.28,4,0,5423
1214,Jacksonville,904,63,no,no,0,207.6,96,35.29,229.0,112,19.47,162.6,131,7.32,1,0,8753
1215,Jacksonville,904,63,no,yes,49,214.9,86,36.53,198.2,89,16.85,170.8,139,7.69,0,0,5168
1216,Jacksonville,904,64,no,no,0,97.2,80,16.52,186.2,90,15.83,189.0,92,8.5,2,0,2324
1217,Jacksonville,904,64,no,no,0,224.8,111,38.22,190.0,101,16.15,221.4,110,9.96,1,0,6943
1219,Jacksonville,904,65,no,no,0,136.1,112,23.14,272.9,96,23.2,220.2,104,9.91,1,0,2095
1221,Jacksonville,904,66,yes,no,0,208.7,84,35.48,173.3,88,14.73,264.7,107,11.91,3,0,3333
1222,Jacksonville,904,67,no,no,0,129.0,78,21.93,188.0,116,15.98,235.0,102,10.58,2,0,4426
1223,Jacksonville,904,67,no,no,0,167.8,91,28.53,167.7,69,14.25,110.3,71,4.96,1,0,6708
1224,Jacksonville,904,67,no,no,0,176.2,120,29.95,236.0,138,20.06,152.5,104,6.86,1,0,7208
1225,Jacksonville,904,67,no,yes,20,230.6,40,39.2,189.1,58,16.07,162.2,115,7.3,1,0,9027
1226,Jacksonville,904,67,no,yes,35,245.4,89,41.72,148.2,102,12.6,274.0,136,12.33,1,0,4929
1227,Jacksonville,904,67,no,yes,40,104.9,65,17.83,216.3,93,18.39,217.4,128,9.78,1,0,1113
1230,Jacksonville,904,69,no,no,0,185.3,91,31.5,219.1,88,18.62,243.6,107,10.96,0,0,3577
1231,Jacksonville,904,70,no,no,0,134.7,96,22.9,235.9,90,20.05,260.2,113,11.71,3,0,4962
1234,Jacksonville,904,73,no,no,0,94.9,121,16.13,253.2,83,21.52,175.1,86,7.88,2,0,7295
1235,Jacksonville,904,73,no,no,0,157.6,92,26.79,198.3,87,16.86,364.9,106,16.42,1,0,6952
1236,Jacksonville,904,73,no,no,0,241.7,115,41.09,168.5,133,14.32,169.8,122,7.64,2,0,6248
1237,Jacksonville,904,73,no,no,0,254.7,80,43.3,90.2,79,7.67,153.4,60,6.9,0,0,1412
1238,Jacksonville,904,73,no,yes,47,173.7,117,29.53,204.0,114,17.34,174.6,94,7.86,2,0,1654
1239,Jacksonville,904,74,no,no,0,187.7,127,31.91,163.4,148,13.89,196.0,94,8.82,0,0,9403
1240,Jacksonville,904,74,no,no,0,221.1,124,37.59,110.8,94,9.42,240.1,112,10.8,0,0,9696
1241,Jacksonville,904,74,no,no,0,262.3,114,44.59,198.9,96,16.91,165.9,90,7.47,3,0,6533
1243,Jacksonville,904,76,no,no,0,90.5,142,15.39,211.7,75,17.99,194.9,76,8.77,1,0,1261
1244,Jacksonville,904,76,no,no,0,186.1,96,31.64,211.6,100,17.99,230.6,100,10.38,0,0,8952
1246,Jacksonville,904,77,no,no,0,175.5,86,29.84,205.1,78,17.43,245.2,100,11.03,4,0,2261
1247,Jacksonville,904,77,no,no,0,233.8,104,39.75,266.5,94,22.65,212.7,104,9.57,,0,8814
1248,Jacksonville,904,77,no,no,0,239.2,114,40.66,150.0,115,12.75,160.8,81,7.24,5,0,1252
1250,Jacksonville,904,77,no,yes,29,211.1,89,35.89,223.5,97,19.0,148.4,106,6.68,2,0,7029
1251,Jacksonville,904,78,no,no,0,87.7,74,14.91,214.8,58,18.26,201.3,147,9.06,,0,5721
1252,Jacksonville,904,78,no,no,0,149.7,119,25.45,182.2,115,15.49,261.5,126,11.77,0,0,6934
1254,Jacksonville,904,79,no,no,0,134.7,98,22.9,189.7,68,16.12,221.4,128,9.96,2,0,3830
1255,Jacksonville,904,79,no,no,0,144.0,90,24.48,135.8,91,11.54,212.4,129,9.56,1,0,8142
1256,Jacksonville,904,79,no,no,0,147.0,72,24.99,165.7,102,14.08,243.2,107,10.94,1,0,4565
1257,Jacksonville,904,79,no,no,0,220.9,107,37.55,192.2,97,16.34,161.0,74,7.25,1,0,9569
1258,Jacksonville,904,80,no,no,0,194.8,116,33.12,209.9,93,17.84,194.1,100,8.73,0,0,5710
1259,Jacksonville,904,80,no,no,0,198.1,160,33.68,156.7,87,13.32,182.1,76,8.19,3,0,8288
1264,Jacksonville,904,83,no,no,0,132.4,120,22.51,121.6,101,10.34,197.7,84,8.9,1,0,3012
1265,Jacksonville,904,83,no,no,0,202.3,87,34.39,201.5,111,17.13,101.7,82,4.58,0,0,4154
1266,Jacksonville,904,83,no,no,0,231.3,100,39.32,210.4,84,17.88,217.4,106,9.78,3,0,6145
1267,Jacksonville,904,85,no,no,0,222.3,132,37.79,231.5,101,19.68,223.5,75,10.06,3,0,1962
1268,Jacksonville,904,86,no,no,0,150.8,85,25.64,295.9,88,25.15,247.2,104,11.12,1,0,4602
1269,Jacksonville,904,86,no,no,0,171.8,106,29.21,301.7,44,25.64,139.4,108,6.27,1,0,7415
1270,Jacksonville,904,87,no,no,0,237.2,124,40.32,222.6,87,18.92,173.3,81,7.8,1,0,6585
1271,Jacksonville,904,87,no,no,0,238.0,97,40.46,164.5,97,13.98,282.5,132,12.71,2,0,4184
1272,Jacksonville,904,87,yes,yes,40,221.6,79,37.67,157.1,74,13.35,222.4,124,10.01,1,0,4147
1274,Jacksonville,904,88,no,no,0,183.5,93,31.2,170.5,80,14.49,193.8,88,8.72,3,0,7201
1275,Jacksonville,904,89,no,no,0,192.1,83,32.66,163.6,88,13.91,169.7,138,7.64,0,0,1594
1278,Jacksonville,904,90,no,no,0,145.5,92,24.74,217.7,114,18.5,146.9,123,6.61,3,0,6870
1279,Jacksonville,904,90,no,yes,27,156.7,51,26.64,236.5,118,20.1,123.2,111,5.54,2,0,8179
1283,Jacksonville,904,91,no,no,0,217.9,71,37.04,230.1,116,19.56,232.1,110,10.44,1,0,3176
1284,Jacksonville,904,92,no,no,0,197.2,113,33.52,242.3,116,20.6,192.0,76,8.64,2,0,4260
1285,Jacksonville,904,92,no,no,0,208.0,125,35.36,198.9,76,16.91,76.4,97,3.44,0,0,8304
1286,Jacksonville,904,92,no,yes,28,151.1,90,25.69,194.8,79,16.56,239.2,114,10.76,1,0,9631
1287,Jacksonville,904,92,no,yes,31,172.3,116,29.29,266.2,91,22.63,228.2,90,10.27,1,0,4606
1289,Jacksonville,904,92,yes,no,0,264.3,91,44.93,160.9,115,13.68,198.6,73,8.94,0,0,9401
1290,Jacksonville,904,92,yes,yes,45,281.1,88,47.79,198.0,103,16.83,94.3,76,4.24,0,0,9522
1291,Jacksonville,904,93,no,no,,164.9,68,28.03,210.4,86,17.88,229.4,104,10.32,2,0,9710
1292,Jacksonville,904,93,no,no,0,141.7,95,24.09,221.0,100,18.79,227.1,71,10.22,0,0,5343
1293,Jacksonville,904,93,no,no,0,149.6,120,25.43,200.7,85,17.06,181.2,107,8.15,0,0,6044
1295,Jacksonville,904,93,no,yes,21,117.9,131,20.04,164.5,115,13.98,217.0,86,9.76,1,0,4361
1298,Jacksonville,904,94,no,no,0,163.5,136,27.8,143.7,111,12.21,253.4,82,11.4,1,0,5815
1299,Jacksonville,904,94,no,no,0,212.1,98,36.06,189.4,89,16.1,352.2,95,15.85,3,0,3236
1301,Jacksonville,904,95,no,no,0,160.0,133,27.2,215.3,98,18.3,188.9,87,8.5,0,0,4882
1302,Jacksonville,904,95,no,no,0,183.4,98,31.18,281.3,95,23.91,105.2,113,4.73,1,0,3270
1303,Jacksonville,904,95,no,no,0,238.1,65,40.48,187.2,98,15.91,190.0,115,8.55,4,0,2577
1305,Jacksonville,904,95,no,yes,22,40.9,126,6.95,133.4,90,11.34,264.2,91,11.89,0,0,6652
1306,Jacksonville,904,95,no,yes,27,129.5,106,22.02,248.9,90,21.16,268.0,115,12.06,1,0,4317
1308,Jacksonville,904,96,no,no,0,170.5,86,28.99,277.5,88,23.59,162.5,117,7.31,1,0,3295
1309,Jacksonville,904,96,no,no,0,179.5,125,30.52,162.3,139,13.8,264.5,133,11.9,1,0,1441
1312,Jacksonville,904,97,no,no,0,217.6,81,36.99,320.5,51,27.24,150.7,110,6.78,0,0,2728
1317,Jacksonville,904,98,no,yes,21,161.2,114,27.4,252.2,83,21.44,160.2,92,7.21,4,0,6506
1318,Jacksonville,904,99,no,no,0,95.4,105,16.22,207.2,101,17.61,136.0,117,6.12,1,0,6165
1320,Jacksonville,904,99,no,no,0,145.6,106,24.75,98.3,106,8.36,230.8,83,10.39,1,0,7261
1321,Jacksonville,904,99,no,no,0,222.4,102,37.81,185.8,89,15.79,237.7,81,10.7,2,0,8205
1322,Jacksonville,904,99,no,no,0,238.4,96,40.53,246.5,130,20.95,198.4,117,8.93,3,0,7334
1323,Jacksonville,904,100,no,no,0,142.5,87,24.23,195.7,88,16.63,122.1,117,5.49,2,0,5853
1324,Jacksonville,904,100,no,no,0,235.8,130,40.09,176.0,69,14.96,63.6,122,2.86,2,0,2114
1325,Jacksonville,904,100,no,yes,30,58.8,104,10.0,219.5,107,18.66,152.3,118,6.85,0,0,8466
1326,Jacksonville,904,100,no,yes,32,125.2,123,21.28,230.9,101,19.63,192.0,106,8.64,3,0,7643
1327,Jacksonville,904,100,yes,no,0,68.5,110,11.65,337.1,,28.65,205.2,99,9.23,0,0,2455
1328,Jacksonville,904,101,no,no,0,118.6,89,20.16,199.6,97,16.97,53.3,61,2.4,1,0,5851
1329,Jacksonville,904,101,no,no,0,174.9,105,29.73,262.0,75,22.27,210.0,93,9.45,1,0,4940
1330,Jacksonville,904,101,no,yes,28,220.3,96,37.45,285.8,72,24.29,203.0,111,9.14,4,0,9127
1332,Jacksonville,904,104,yes,no,0,148.2,108,25.19,161.8,113,13.75,259.3,103,11.67,0,0,1700
1333,Jacksonville,904,105,no,no,0,102.8,74,17.48,281.7,125,23.94,228.1,113,10.26,2,0,2339
1334,Jacksonville,904,105,no,no,0,119.3,82,20.28,185.1,111,15.73,157.0,74,7.07,2,0,2622
1335,Jacksonville,904,105,no,no,0,211.1,99,35.89,176.7,66,15.02,221.5,96,9.97,4,0,6489
1336,Jacksonville,904,105,no,no,0,251.6,88,42.77,175.1,103,14.88,184.4,112,8.3,1,0,1891
1338,Jacksonville,904,106,no,no,0,178.4,143,30.33,247.0,123,21.0,259.9,105,11.7,0,0,6654
1340,Jacksonville,904,107,no,no,0,206.9,79,35.17,262.4,117,22.3,149.3,69,6.72,0,0,5165
1342,Jacksonville,904,107,no,yes,25,248.6,91,42.26,119.3,115,10.14,194.3,83,8.74,1,0,8330
1343,Jacksonville,904,107,no,yes,38,219.4,92,37.3,180.5,73,15.34,104.1,91,4.68,2,0,3095
1348,Jacksonville,904,109,no,no,0,184.1,143,31.3,211.7,105,17.99,243.0,116,10.93,1,0,9682
1351,Jacksonville,904,111,no,no,,78.3,119,13.31,198.2,94,16.85,248.5,94,11.18,1,0,3949
1353,Jacksonville,904,111,no,yes,36,166.2,54,28.25,238.8,109,20.3,108.8,92,4.9,3,0,9313
1354,Jacksonville,904,112,no,no,0,243.4,77,41.38,182.1,97,15.48,259.2,94,11.66,1,0,1383
1355,Jacksonville,904,113,no,no,0,72.5,88,12.33,204.0,112,17.34,117.9,118,5.31,1,0,6408
1358,Jacksonville,904,113,no,yes,30,183.8,102,31.25,183.4,123,15.59,235.0,52,10.58,0,0,9053
1359,Jacksonville,904,114,no,no,0,155.3,75,26.4,169.9,87,14.44,207.0,133,9.32,2,0,4266
1360,Jacksonville,904,114,no,no,0,189.8,101,32.27,147.7,80,12.55,172.7,121,7.77,1,0,3274
1361,Jacksonville,904,114,yes,yes,31,174.5,104,29.67,224.2,92,19.06,116.3,91,5.23,2,0,8067
1363,Jacksonville,904,115,no,no,0,195.9,111,33.3,227.0,108,19.3,313.2,113,14.09,2,0,8164
1365,Jacksonville,904,116,no,no,0,89.5,128,15.22,180.8,137,15.37,193.1,94,8.69,2,0,4984
1366,Jacksonville,904,116,no,no,0,217.3,91,36.94,216.1,95,18.37,148.1,76,6.66,2,0,9128
1367,Jacksonville,904,118,no,no,0,113.0,80,19.21,150.1,87,12.76,204.3,115,9.19,2,0,2571
1368,Jacksonville,904,118,no,no,0,136.1,120,23.14,204.2,103,17.36,228.2,90,10.27,1,0,4289
1369,Jacksonville,904,118,no,no,0,187.4,97,31.86,177.8,89,15.11,233.4,97,10.5,1,0,9496
1370,Jacksonville,904,118,no,no,0,188.8,60,32.1,217.4,64,18.48,220.1,100,9.9,4,0,1222
1371,Jacksonville,904,118,no,no,0,253.2,122,43.04,201.0,78,17.09,195.3,108,8.79,2,0,8526
1372,Jacksonville,904,118,no,yes,39,91.5,125,15.56,219.9,113,18.69,229.0,99,10.31,2,0,3458
1373,Jacksonville,904,119,no,no,0,133.4,102,22.68,204.6,71,17.39,196.9,103,8.86,1,0,1458
1377,Jacksonville,904,119,no,yes,27,220.1,128,37.42,268.2,133,22.8,146.5,80,6.59,0,0,7922
1379,Jacksonville,904,119,yes,yes,32,173.0,101,29.41,209.4,93,17.8,231.1,91,10.4,0,0,9952
1380,Jacksonville,904,120,no,no,0,165.0,100,28.05,317.2,83,26.96,119.2,86,5.36,1,0,3786
1381,Jacksonville,904,120,no,no,0,198.8,56,33.8,230.1,73,19.56,119.8,81,5.39,2,0,5883
1383,Jacksonville,904,121,no,yes,21,126.3,84,21.47,209.6,102,17.82,192.5,129,8.66,1,0,2260
1385,Jacksonville,904,121,no,yes,35,193.8,62,32.95,197.6,97,16.8,218.8,95,9.85,0,0,6352
1386,Jacksonville,904,122,no,no,0,170.5,94,28.99,173.7,109,14.76,248.6,75,11.19,1,0,4976
1387,Jacksonville,904,123,no,no,0,128.7,126,21.88,117.6,94,10.0,198.4,132,8.93,0,0,5201
1388,Jacksonville,904,123,no,no,0,154.3,107,26.23,183.0,111,15.56,54.0,134,2.43,0,0,7976
1389,Jacksonville,904,123,no,no,0,175.7,78,29.87,184.6,96,15.69,156.9,92,7.06,2,0,3440
1390,Jacksonville,904,123,no,no,0,204.4,88,34.75,137.5,111,11.69,226.0,100,10.17,0,0,6052
1392,Jacksonville,904,123,no,yes,34,305.2,80,51.88,156.5,109,13.3,280.0,81,12.6,1,0,3016
1393,Jacksonville,904,124,no,no,0,167.4,119,28.46,233.2,143,19.82,109.6,115,4.93,0,0,6775
1394,Jacksonville,904,124,no,yes,28,251.4,104,42.74,225.1,89,19.13,251.9,121,11.34,1,0,1649
1395,Jacksonville,904,125,no,no,0,224.9,102,38.23,143.8,87,12.22,198.9,105,8.95,0,0,1821
1398,Jacksonville,904,126,no,no,0,211.6,70,35.97,216.9,80,18.44,153.5,60,6.91,1,0,9472
1399,Jacksonville,904,126,no,no,0,228.7,102,38.88,168.7,99,14.34,223.5,100,10.06,1,0,4309
1400,Jacksonville,904,126,no,no,0,256.5,112,43.61,199.5,90,16.96,188.3,122,8.47,3,0,9663
1402,Jacksonville,904,126,yes,no,0,197.6,126,33.59,246.5,112,20.95,285.3,104,12.84,,0,9798
1403,Jacksonville,904,126,yes,yes,26,129.3,123,21.98,176.5,114,15.0,154.5,102,6.95,1,0,3048
1404,Jacksonville,904,127,no,no,0,239.8,107,40.77,128.9,121,10.96,249.9,110,11.25,1,0,6695
1406,Jacksonville,904,127,no,yes,28,235.6,124,40.05,236.8,113,20.13,241.2,127,10.85,1,0,7684
1408,Jacksonville,904,128,no,no,0,199.3,86,33.88,194.8,102,16.56,298.2,82,13.42,4,0,4613
1409,Jacksonville,904,128,no,yes,40,171.2,88,29.1,145.7,109,12.38,196.8,93,8.86,1,0,8680
1410,Jacksonville,904,129,no,no,0,139.5,119,23.72,289.3,105,24.59,129.4,97,5.82,0,0,5222
1411,Jacksonville,904,129,no,no,0,150.0,98,25.5,232.4,101,19.75,261.2,123,11.75,1,0,3028
1412,Jacksonville,904,129,no,no,0,207.0,91,35.19,154.9,121,13.17,245.1,112,11.03,3,0,2632
1413,Jacksonville,904,130,no,no,0,207.1,70,35.21,200.1,115,17.01,194.2,100,8.74,1,0,1135
1416,Jacksonville,904,132,no,no,0,169.9,107,28.88,209.4,121,17.8,206.1,79,9.27,1,0,5008
1417,Jacksonville,904,132,no,no,0,206.2,100,35.05,211.2,118,17.95,196.2,122,8.83,1,0,9190
1418,Jacksonville,904,132,no,no,0,240.1,115,40.82,180.4,91,15.33,133.4,122,6.0,3,0,7903
1421,Jacksonville,904,135,no,no,0,151.7,82,25.79,119.0,105,10.12,180.0,100,8.1,0,0,3783
1422,Jacksonville,904,136,no,no,0,101.7,105,17.29,202.8,99,17.24,136.2,119,6.13,3,0,1954
1424,Jacksonville,904,137,no,no,0,242.1,118,41.16,191.0,93,16.24,218.6,50,9.84,3,0,5732
1426,Jacksonville,904,138,no,no,0,127.1,102,21.61,247.7,106,21.05,207.7,75,9.35,3,0,6473
1427,Jacksonville,904,138,no,no,0,171.4,117,29.14,115.2,128,9.79,224.5,115,10.1,3,0,8595
1428,Jacksonville,904,138,no,no,0,205.9,96,35.0,257.1,94,21.85,209.0,63,9.4,0,0,7407
1429,Jacksonville,904,138,no,yes,21,19.5,149,3.32,140.9,109,11.98,179.7,111,8.09,0,0,9533
1430,Jacksonville,904,138,no,yes,37,75.8,102,12.89,173.6,147,14.76,162.6,96,7.32,0,0,3409
1431,Jacksonville,904,139,no,yes,23,157.6,129,26.79,247.0,96,21.0,259.2,112,11.66,0,0,6289
1432,Jacksonville,904,140,yes,yes,27,188.9,124,32.11,160.9,102,13.68,197.7,100,8.9,4,0,1076
1433,Jacksonville,904,141,no,no,0,215.6,113,36.65,200.6,81,17.05,153.8,107,6.92,1,0,8114
1434,Jacksonville,904,141,no,no,0,242.8,90,41.28,234.1,80,19.9,211.5,104,9.52,5,0,6773
1435,Jacksonville,904,141,no,yes,32,148.6,91,25.26,131.1,97,11.14,219.4,142,9.87,1,0,4306
1436,Jacksonville,904,143,no,no,0,110.1,113,18.72,169.0,59,14.37,166.7,94,7.5,1,0,7641
1437,Jacksonville,904,144,no,yes,37,219.9,102,37.38,222.1,77,18.88,118.5,111,5.33,1,0,2451
1438,Jacksonville,904,144,no,yes,51,283.9,98,48.26,192.0,109,16.32,196.3,85,8.83,1,0,4484
1439,Jacksonville,904,145,no,no,0,229.6,82,39.03,138.1,103,11.74,250.8,109,11.29,1,0,6559
1442,Jacksonville,904,146,no,no,0,206.3,151,35.07,148.6,89,12.63,167.2,91,7.52,1,0,4584
1443,Jacksonville,904,147,no,no,0,209.4,104,35.6,132.5,78,11.26,149.4,123,6.72,2,0,2203
1445,Jacksonville,904,148,no,no,0,203.0,92,34.51,150.9,125,12.83,245.5,131,11.05,1,0,9520
1447,Jacksonville,904,149,no,yes,28,180.7,92,30.72,187.8,64,15.96,265.5,53,11.95,3,0,8160
1448,Jacksonville,904,149,yes,no,0,176.2,87,29.95,145.0,81,12.33,249.5,92,11.23,0,0,9460
1449,Jacksonville,904,151,no,no,0,134.5,88,22.87,143.1,112,12.16,223.9,61,10.08,1,0,2730
1450,Jacksonville,904,151,no,no,0,170.2,89,28.93,187.5,83,15.94,119.5,100,5.38,0,0,8861
1452,Jacksonville,904,153,no,no,0,122.5,145,20.83,273.3,103,23.23,197.8,71,8.9,2,0,2441
1453,Jacksonville,904,153,no,no,0,166.8,127,28.36,143.5,121,12.2,210.7,130,9.48,0,0,2075
1454,Jacksonville,904,153,no,no,0,185.3,127,31.5,208.0,73,17.68,206.1,124,9.27,1,0,1538
1456,Jacksonville,904,154,no,yes,32,192.3,82,32.69,165.3,134,14.05,205.0,74,9.23,2,0,2631
1457,Jacksonville,904,154,no,yes,35,64.9,76,11.03,184.1,91,15.65,151.6,75,6.82,1,0,4778
1458,Jacksonville,904,154,no,yes,35,224.0,102,38.08,192.0,99,16.32,163.1,100,7.34,0,0,4216
1460,Jacksonville,904,155,no,no,0,165.4,108,28.12,183.7,103,15.61,80.2,108,3.61,3,0,7277
1461,Jacksonville,904,155,no,no,0,181.4,111,30.84,167.7,92,14.25,168.5,122,7.58,3,0,4772
1463,Jacksonville,904,157,no,no,0,185.1,92,31.47,213.0,85,18.11,196.1,85,8.82,2,0,6920
1464,Jacksonville,904,160,no,no,0,82.7,116,14.06,194.6,95,16.54,159.0,54,7.15,0,0,7232
1465,Jacksonville,904,160,no,no,0,216.8,77,36.86,207.3,117,17.62,228.6,117,10.29,1,0,6084
1467,Jacksonville,904,161,no,no,0,196.6,73,33.42,170.2,79,14.47,194.3,79,8.74,1,0,3879
1468,Jacksonville,904,161,yes,no,0,156.1,114,26.54,180.3,63,15.33,179.6,115,8.08,2,0,7328
1469,Jacksonville,904,162,no,yes,46,224.9,97,38.23,188.2,84,16.0,254.6,61,11.46,0,0,7170
1470,Jacksonville,904,163,no,yes,22,215.1,91,36.57,138.9,102,11.81,146.2,109,6.58,2,0,5655
1471,Jacksonville,904,165,no,no,0,150.5,75,25.59,193.1,93,16.41,311.6,93,14.02,1,0,2012
1473,Jacksonville,904,168,no,yes,42,97.4,57,16.56,203.6,98,17.31,173.9,124,7.83,2,0,9026
1474,Jacksonville,904,169,no,no,,179.2,111,30.46,175.2,130,14.89,228.6,92,10.29,2,0,3289
1478,Jacksonville,904,176,no,yes,23,283.2,130,48.14,162.6,74,13.82,177.7,104,8.0,1,0,2402
1480,Jacksonville,904,177,no,yes,27,230.2,106,39.13,196.1,78,16.67,215.4,108,9.69,1,0,7679
1483,Jacksonville,904,185,no,yes,19,157.3,123,26.74,257.7,94,21.9,190.4,107,8.57,0,0,2557
1485,Jacksonville,904,190,no,yes,22,166.5,93,28.31,183.0,92,15.56,121.0,102,5.44,0,0,9870
1486,Jacksonville,904,193,no,yes,31,71.2,58,12.1,124.7,105,10.6,155.5,108,7.0,0,0,1742
1487,Jacksonville,904,194,no,no,0,48.4,101,8.23,281.1,138,23.89,218.5,87,9.83,1,0,3532
1488,Jacksonville,904,196,no,no,0,234.0,109,39.78,249.5,114,21.21,173.1,70,7.79,2,0,2373
1490,Jacksonville,904,209,no,no,0,153.7,105,26.13,188.6,87,16.03,200.8,95,9.04,0,0,8703
2749,Cape Coral,239,1,no,no,0,123.8,113,21.05,236.2,77,20.08,73.2,81,3.29,0,0,1043
2750,Cape Coral,239,9,no,yes,31,193.8,130,32.95,202.6,98,17.22,191.2,102,8.6,1,0,1941
2751,Cape Coral,239,11,no,yes,24,131.5,98,22.36,230.2,111,19.57,283.7,87,12.77,2,0,6796
2752,Cape Coral,239,11,no,yes,28,190.6,86,32.4,220.1,122,18.71,180.3,80,8.11,3,0,1323
2753,Cape Coral,239,13,no,yes,25,176.6,65,30.02,172.7,96,14.68,104.5,128,4.7,2,0,6064
2754,Cape Coral,239,20,no,yes,35,171.5,98,29.16,153.1,127,13.01,165.6,125,7.45,0,0,4678
2755,Cape Coral,239,21,no,no,0,223.2,142,37.94,216.5,114,18.4,214.7,111,9.66,1,0,6366
2756,Cape Coral,239,22,no,no,0,160.4,108,27.27,218.1,88,18.54,192.9,115,8.68,1,0,6475
2758,Cape Coral,239,27,no,no,0,201.2,,34.2,227.2,100,19.31,145.8,91,6.56,2,0,6515
2759,Cape Coral,239,29,yes,yes,37,235.0,101,39.95,183.3,79,15.58,139.8,106,6.29,2,0,3058
2760,Cape Coral,239,30,no,no,0,137.6,108,23.39,162.0,80,13.77,187.7,126,8.45,3,0,5192
2761,Cape Coral,239,31,no,yes,28,171.8,116,29.21,240.7,125,20.46,245.5,80,11.05,1,0,7335
2762,Cape Coral,239,33,yes,no,0,164.0,99,27.88,153.1,102,13.01,123.8,104,5.57,0,0,8956
2763,Cape Coral,239,35,no,no,0,260.8,87,44.34,258.1,78,21.94,131.3,123,5.91,1,0,4137
2764,Cape Coral,239,36,no,no,0,175.1,144,29.77,216.9,69,18.44,243.7,146,10.97,1,0,5001
2766,Cape Coral,239,37,no,no,0,271.7,112,46.19,155.1,96,13.18,199.5,97,8.98,3,0,5678
2767,Cape Coral,239,38,no,no,0,137.8,86,23.43,286.3,76,24.34,167.0,77,7.52,2,0,7307
2768,Cape Coral,239,38,no,yes,36,115.4,98,19.62,166.2,83,14.13,184.7,,8.31,2,0,9947
2769,Cape Coral,239,40,no,no,0,242.5,82,41.23,232.9,97,19.8,154.0,86,6.93,0,0,7591
2770,Cape Coral,239,42,no,no,0,196.5,89,33.41,241.3,123,20.51,143.2,105,6.44,0,0,7163
2771,Cape Coral,239,42,no,no,0,241.2,134,41.0,116.5,114,9.9,152.2,91,6.85,0,0,6801
2774,Cape Coral,239,45,no,yes,26,91.7,104,15.59,150.6,119,12.8,63.3,103,2.85,1,0,8934
2775,Cape Coral,239,47,no,yes,28,141.3,94,24.02,168.0,108,14.28,113.5,84,5.11,1,0,5387
2776,Cape Coral,239,49,no,no,0,119.4,69,20.3,273.3,92,23.23,214.4,153,9.65,,0,4519
2780,Cape Coral,239,52,no,no,0,209.8,114,35.67,171.3,82,14.56,154.6,119,6.96,4,0,1798
2781,Cape Coral,239,52,no,yes,32,130.1,68,22.12,247.2,77,21.01,289.4,87,13.02,2,0,4271
2783,Cape Coral,239,53,no,no,0,164.1,106,27.9,206.0,56,17.51,194.7,124,8.76,1,0,9420
2785,Cape Coral,239,56,no,no,0,137.2,111,23.32,165.9,119,14.1,182.3,72,8.2,1,0,5919
2786,Cape Coral,239,56,no,no,0,146.1,57,24.84,196.2,97,16.68,310.1,110,13.95,0,0,5964
2787,Cape Coral,239,57,no,no,0,154.2,78,26.21,196.7,85,16.72,253.5,97,11.41,1,0,4541
2788,Cape Coral,239,57,no,no,0,161.0,113,27.37,208.0,134,17.68,208.1,81,9.36,3,0,6225
2790,Cape Coral,239,57,no,yes,29,279.9,121,47.58,223.1,109,18.96,251.7,94,11.33,1,0,4691
2791,Cape Coral,239,58,no,yes,20,194.5,110,33.07,213.7,89,18.16,236.6,92,10.65,,0,1259
2792,Cape Coral,239,59,no,no,0,195.0,58,33.15,198.5,88,16.87,304.3,110,13.69,0,0,9836
2793,Cape Coral,239,60,no,no,0,180.3,67,30.65,208.0,68,17.68,181.2,101,8.15,2,0,1370
2794,Cape Coral,239,60,no,no,0,220.6,57,37.5,211.1,115,17.94,249.0,129,11.21,1,0,5645
2795,Cape Coral,239,61,no,no,0,197.3,67,33.54,264.5,106,22.48,210.5,116,9.47,1,0,8802
2796,Cape Coral,239,61,no,yes,25,163.7,78,27.83,113.2,112,9.62,134.1,118,6.03,3,0,9726
2798,Cape Coral,239,62,no,no,0,159.9,100,27.18,172.2,99,14.64,263.2,109,11.84,1,0,6339
2799,Cape Coral,239,63,no,no,0,117.1,118,19.91,249.6,90,21.22,162.2,84,7.3,3,0,8755
2800,Cape Coral,239,63,no,no,0,164.5,75,27.97,147.9,118,12.57,252.7,97,11.37,0,0,6217
2802,Cape Coral,239,63,no,yes,13,214.2,61,36.41,181.2,88,15.4,174.0,68,7.83,0,0,3545
2803,Cape Coral,239,63,no,yes,25,190.0,137,32.3,116.6,76,9.91,141.5,110,6.37,1,0,8498
2804,Cape Coral,239,64,yes,yes,33,127.2,93,21.62,162.9,104,13.85,247.4,109,11.13,0,0,2603
2805,Cape Coral,239,66,no,no,0,118.0,133,20.06,248.1,99,21.09,214.4,122,9.65,1,0,6270
2807,Cape Coral,239,66,no,yes,29,229.4,104,39.0,257.4,84,21.88,231.5,119,10.42,2,0,7973
2808,Cape Coral,239,67,no,no,0,109.1,117,18.55,217.4,124,18.48,188.4,141,8.48,0,0,4377
2809,Cape Coral,239,67,no,no,0,138.9,65,23.61,208.9,109,17.76,232.4,82,10.46,2,0,7486
2810,Cape Coral,239,67,no,yes,30,186.2,117,31.65,286.7,76,24.37,164.3,113,7.39,2,0,8010
2811,Cape Coral,239,67,yes,no,0,120.9,58,20.55,235.0,88,19.98,95.1,130,4.28,2,0,9538
2812,Cape Coral,239,68,no,no,0,157.3,83,26.74,220.9,85,18.78,218.9,129,9.85,1,0,4970
2813,Cape Coral,239,68,no,no,0,219.6,97,37.33,141.1,,11.99,205.7,101,9.26,2,0,8369
2814,Cape Coral,239,69,no,no,0,153.7,109,26.13,194.0,105,16.49,256.1,114,11.52,1,0,2698
2815,Cape Coral,239,69,no,no,0,195.3,70,33.2,216.7,108,18.42,259.9,119,11.7,3,0,1912
2817,Cape Coral,239,70,no,no,0,148.4,110,25.23,267.1,90,22.7,151.5,101,6.82,0,0,4385
2818,Cape Coral,239,70,no,no,0,177.4,125,30.16,226.2,104,19.23,254.1,72,11.43,0,0,2536
2819,Cape Coral,239,71,no,no,0,104.0,92,17.68,197.0,125,16.75,110.1,123,4.95,0,0,5422
2820,Cape Coral,239,71,no,no,0,207.0,112,35.19,173.8,96,14.77,178.4,61,8.03,1,0,8051
2822,Cape Coral,239,72,no,no,0,141.3,133,24.02,134.9,96,11.47,227.5,97,10.24,2,0,7900
2823,Cape Coral,239,72,no,no,0,166.5,102,28.31,261.0,103,22.19,262.7,85,11.82,0,0,7296
2824,Cape Coral,239,73,no,no,0,137.1,102,23.31,210.8,114,17.92,191.4,120,8.61,1,0,4462
2825,Cape Coral,239,73,no,no,0,157.1,109,26.71,268.8,83,22.85,181.5,91,8.17,0,0,4894
2826,Cape Coral,239,73,no,no,0,234.7,102,39.9,195.7,110,16.63,253.4,71,11.4,2,0,8309
2827,Cape Coral,239,74,no,no,0,106.4,84,18.09,140.2,104,11.92,90.9,81,4.09,1,0,7399
2828,Cape Coral,239,74,no,no,0,136.7,106,23.24,228.6,105,19.43,265.3,114,11.94,0,0,5661
2829,Cape Coral,239,74,no,no,0,162.7,102,27.66,292.0,105,24.82,183.3,80,8.25,0,0,9066
2831,Cape Coral,239,75,no,no,0,143.2,92,24.34,209.1,142,17.77,173.0,96,7.79,1,0,7779
2832,Cape Coral,239,75,no,yes,28,200.6,96,34.1,164.1,111,13.95,169.6,153,7.63,1,0,9509
2833,Cape Coral,239,75,no,yes,39,198.2,107,33.69,280.4,132,23.83,129.6,73,5.83,1,0,9765
2834,Cape Coral,239,75,no,yes,42,248.9,93,42.31,170.8,108,14.52,104.5,91,4.7,1,0,6989
2836,Cape Coral,239,76,no,no,0,143.7,55,24.43,173.1,108,14.71,239.1,95,10.76,1,0,1931
2837,Cape Coral,239,76,no,no,0,165.7,94,28.17,257.4,80,21.88,170.8,114,7.69,1,0,8141
2838,Cape Coral,239,76,no,no,0,204.0,69,34.68,225.1,110,19.13,240.3,85,10.81,1,0,8575
2840,Cape Coral,239,77,no,no,0,189.5,112,32.22,207.0,95,17.6,214.1,91,9.63,0,0,3403
2841,Cape Coral,239,79,no,no,0,41.9,124,7.12,211.0,95,17.94,237.9,55,10.71,1,0,5263
2842,Cape Coral,239,79,no,no,0,213.6,110,36.31,234.9,121,19.97,229.6,157,10.33,2,0,6578
2843,Cape Coral,239,79,no,no,0,236.8,135,40.26,186.4,87,15.84,126.9,112,5.71,2,0,5417
2844,Cape Coral,239,79,no,yes,34,103.7,100,17.63,236.3,78,20.09,256.6,102,11.55,2,0,8124
2845,Cape Coral,239,80,no,no,0,101.1,121,17.19,263.2,110,22.37,137.7,74,6.2,0,0,5389
2846,Cape Coral,239,80,no,no,0,197.6,83,33.59,164.5,86,13.98,94.0,98,4.23,1,0,2453
2847,Cape Coral,239,80,no,no,0,199.8,138,33.97,167.1,91,14.2,271.8,94,12.23,1,0,4861
2848,Cape Coral,239,80,no,no,0,202.4,118,34.41,260.2,67,22.12,177.4,112,7.98,3,0,8764
2849,Cape Coral,239,81,no,no,0,145.6,59,24.75,287.9,131,24.47,181.7,121,8.18,2,0,2522
2850,Cape Coral,239,82,no,no,0,199.3,112,33.88,193.4,120,16.44,254.4,117,11.45,0,0,9220
2851,Cape Coral,239,82,no,yes,33,137.8,95,23.43,235.5,128,20.02,268.1,70,12.06,2,0,6380
2852,Cape Coral,239,83,yes,yes,32,94.7,111,16.1,154.4,98,13.12,200.4,109,9.02,2,0,5980
2853,Cape Coral,239,84,no,no,0,75.3,96,12.8,179.9,113,15.29,193.8,134,8.72,1,0,6722
2854,Cape Coral,239,84,no,no,0,138.6,102,23.56,199.0,93,16.92,204.1,137,9.18,0,0,7139
2855,Cape Coral,239,85,no,no,0,235.8,109,40.09,157.2,94,13.36,188.2,99,8.47,0,0,5889
2856,Cape Coral,239,85,no,yes,30,173.1,107,29.43,247.2,101,21.01,158.7,104,7.14,1,0,6411
2857,Cape Coral,239,85,yes,no,0,116.2,86,19.75,229.7,127,19.52,204.2,109,9.19,3,0,2951
2858,Cape Coral,239,85,yes,no,0,165.4,107,28.12,196.0,126,16.66,349.2,110,15.71,2,0,5878
2859,Cape Coral,239,86,no,yes,16,145.7,88,24.77,191.0,129,16.24,215.5,82,9.7,0,0,8115
2860,Cape Coral,239,86,no,yes,23,225.5,107,38.34,246.3,105,20.94,245.7,81,11.06,0,0,2616
2861,Cape Coral,239,87,no,yes,30,262.8,114,44.68,215.8,130,18.34,154.8,88,6.97,0,0,1410
2863,Cape Coral,239,88,no,no,0,55.6,65,9.45,242.7,121,20.63,176.3,134,7.93,0,0,8629
2865,Cape Coral,239,88,no,yes,45,80.3,140,13.65,153.3,101,13.03,309.2,123,13.91,2,0,5109
2866,Cape Coral,239,89,no,no,0,89.5,66,15.22,179.3,104,15.24,225.1,116,10.13,3,0,7015
2868,Cape Coral,239,89,no,yes,32,209.9,113,35.68,249.8,104,21.23,224.2,92,10.09,1,0,6219
2869,Cape Coral,239,90,no,no,0,140.2,97,23.83,213.9,102,18.18,120.0,126,5.4,1,0,7322
2870,Cape Coral,239,90,no,no,0,145.6,103,24.75,197.1,137,16.75,294.5,83,13.25,0,0,6404
2871,Cape Coral,239,90,no,no,0,175.9,111,29.9,285.2,115,24.24,150.8,122,6.79,1,0,6994
2872,Cape Coral,239,90,no,no,0,179.2,77,30.46,210.7,99,17.91,276.9,58,12.46,2,0,4241
2873,Cape Coral,239,90,no,no,0,203.4,146,34.58,226.7,117,19.27,152.4,105,6.86,1,0,4246
2874,Cape Coral,239,90,no,no,0,261.8,128,44.51,220.6,104,18.75,136.6,91,6.15,1,0,1621
2875,Cape Coral,239,90,no,yes,22,124.5,94,21.17,231.7,90,19.69,222.2,108,10.0,1,0,8638
2876,Cape Coral,239,91,no,no,0,147.2,121,25.02,175.2,87,14.89,136.3,80,6.13,2,0,4811
2877,Cape Coral,239,91,no,yes,44,216.6,101,36.82,173.1,98,14.71,242.1,95,10.89,1,0,7276
2878,Cape Coral,239,91,yes,no,0,129.9,112,22.08,173.3,83,14.73,247.2,130,11.12,3,0,2919
2880,Cape Coral,239,92,no,yes,25,134.0,112,22.78,206.0,111,17.51,180.6,118,8.13,0,0,7344
2881,Cape Coral,239,92,no,yes,33,243.1,92,41.33,213.8,92,18.17,228.7,104,10.29,2,0,9845
2882,Cape Coral,239,92,yes,no,0,255.8,125,43.49,142.7,111,12.13,181.2,101,8.15,0,0,2917
2883,Cape Coral,239,93,no,no,0,152.1,141,25.86,215.5,107,18.32,262.4,111,11.81,1,0,6286
2884,Cape Coral,239,93,no,no,0,190.7,114,32.42,218.2,111,18.55,129.6,121,5.83,3,0,2923
2885,Cape Coral,239,93,no,no,0,239.8,70,40.77,251.8,99,21.4,168.6,112,7.59,1,0,7618
2886,Cape Coral,239,93,no,yes,19,136.8,113,23.26,179.5,105,15.26,71.1,95,3.2,2,0,6488
2887,Cape Coral,239,93,no,yes,22,306.2,123,52.05,189.7,83,16.12,240.3,107,10.81,0,0,1994
2888,Cape Coral,239,93,no,yes,32,138.1,91,23.48,167.3,72,14.22,238.9,115,10.75,2,0,5183
2889,Cape Coral,239,94,no,no,0,137.5,118,23.38,203.2,88,17.27,150.0,131,6.75,0,0,8376
2891,Cape Coral,239,94,no,no,0,207.0,109,35.19,167.4,80,14.23,238.2,117,10.72,1,0,4022
2894,Cape Coral,239,95,no,no,0,190.2,119,32.33,157.1,70,13.35,181.5,120,8.17,0,0,7225
2895,Cape Coral,239,96,no,yes,33,183.3,115,31.16,201.4,87,17.12,177.4,84,7.98,3,0,9214
2897,Cape Coral,239,97,no,no,0,112.7,119,19.16,217.7,109,18.5,152.1,76,6.84,1,0,2236
2898,Cape Coral,239,98,no,no,0,161.0,117,27.37,190.9,113,16.23,227.7,113,10.25,4,0,1509
2901,Cape Coral,239,98,yes,no,0,158.4,71,26.93,306.6,66,26.06,144.2,93,6.49,1,0,3316
2902,Cape Coral,239,99,no,no,0,198.2,87,33.69,207.3,76,17.62,190.9,113,8.59,4,0,3954
2904,Cape Coral,239,100,no,no,0,218.8,125,37.2,148.3,102,12.61,277.8,97,12.5,1,0,3121
2905,Cape Coral,239,100,no,yes,38,224.7,121,38.2,294.0,131,24.99,290.0,61,13.05,0,0,3756
2907,Cape Coral,239,101,no,no,0,220.3,124,37.45,188.6,101,16.03,278.4,98,12.53,1,0,5081
2908,Cape Coral,239,101,no,yes,17,193.9,71,32.96,189.8,81,16.13,196.3,97,8.83,0,0,4768
2909,Cape Coral,239,101,no,yes,33,219.7,137,37.35,186.8,94,15.88,184.5,113,8.3,2,0,8761
2910,Cape Coral,239,103,no,no,,173.5,83,29.5,244.3,65,20.77,221.6,66,9.97,3,0,6330
2911,Cape Coral,239,103,no,no,0,141.3,123,24.02,253.6,87,21.56,215.8,96,9.71,1,0,7724
2912,Cape Coral,239,103,no,no,0,180.2,134,30.63,97.7,85,8.3,181.7,134,8.18,1,0,8943
2913,Cape Coral,239,103,no,no,0,189.8,110,32.27,115.5,83,9.82,191.3,103,8.61,0,0,5647
2914,Cape Coral,239,103,no,no,0,198.5,112,33.75,42.5,90,3.61,179.2,124,8.06,0,0,9141
2916,Cape Coral,239,103,no,yes,24,111.8,85,19.01,239.6,102,20.37,268.3,81,12.07,1,0,9816
2917,Cape Coral,239,103,no,yes,34,138.8,80,23.6,142.0,108,12.07,183.8,77,8.27,,0,5053
2918,Cape Coral,239,104,no,no,0,97.2,88,16.52,155.6,85,13.23,261.6,105,11.77,0,0,6565
2919,Cape Coral,239,104,no,no,0,144.5,107,24.57,180.5,85,15.34,226.0,94,10.17,2,0,1800
2920,Cape Coral,239,104,no,no,0,200.2,92,34.03,118.7,87,10.09,236.6,65,10.65,2,0,2678
2924,Cape Coral,239,106,no,no,0,52.2,106,8.87,220.1,113,18.71,112.3,95,5.05,2,0,4914
2925,Cape Coral,239,106,no,no,0,187.1,104,31.81,250.2,117,21.27,144.9,81,6.52,1,0,9633
2926,Cape Coral,239,107,no,yes,31,160.3,45,27.25,221.5,70,18.83,261.6,109,11.77,1,0,5740
2927,Cape Coral,239,109,no,no,0,222.2,113,37.77,218.5,122,18.57,266.0,88,11.97,1,0,9966
2929,Cape Coral,239,109,no,yes,46,217.5,123,36.98,233.7,84,19.86,163.9,99,7.38,4,0,6479
2930,Cape Coral,239,110,no,no,0,55.3,102,9.4,164.7,124,14.0,200.7,108,9.03,1,0,6379
2931,Cape Coral,239,110,no,no,0,162.0,81,27.54,247.5,89,21.04,155.5,99,7.0,0,0,1778
2932,Cape Coral,239,110,no,no,0,196.1,103,33.34,199.7,123,16.97,135.9,71,6.12,3,0,1706
2933,Cape Coral,239,111,no,no,0,99.3,112,16.88,270.5,136,22.99,225.3,94,10.14,3,0,9537
2934,Cape Coral,239,111,no,no,0,176.4,62,29.99,201.0,,17.09,150.4,138,6.77,0,0,7863
2936,Cape Coral,239,111,no,no,0,222.2,96,37.77,162.5,111,13.81,184.9,120,8.32,4,0,7118
2937,Cape Coral,239,111,no,no,0,255.9,97,43.5,204.1,129,17.35,171.3,84,7.71,3,0,9513
2939,Cape Coral,239,112,no,no,0,208.7,150,35.48,212.8,104,18.09,178.1,98,8.01,0,0,5036
2940,Cape Coral,239,112,yes,no,0,161.9,138,27.52,200.9,114,17.08,134.0,134,6.03,1,0,2693
2942,Cape Coral,239,113,no,no,0,156.0,141,26.52,256.8,72,21.83,175.3,123,7.89,2,0,8427
2943,Cape Coral,239,113,no,no,0,186.0,55,31.62,237.4,105,20.18,148.1,83,6.66,1,0,6425
2946,Cape Coral,239,114,no,no,0,193.0,101,32.81,250.0,81,21.25,133.3,79,6.0,2,0,7542
2947,Cape Coral,239,115,no,no,0,200.2,92,34.03,244.9,107,20.82,190.9,96,8.59,1,0,7722
2950,Cape Coral,239,116,no,no,0,51.1,106,8.69,208.6,137,17.73,198.0,92,8.91,1,0,1139
2952,Cape Coral,239,116,no,no,0,164.6,110,27.98,270.6,103,23.0,230.4,109,10.37,0,0,7477
2953,Cape Coral,239,116,no,no,0,173.5,93,29.5,194.1,76,16.5,208.0,112,9.36,3,0,5681
2954,Cape Coral,239,116,no,no,0,189.5,90,32.22,189.8,118,16.13,205.8,83,9.26,1,0,7107
2955,Cape Coral,239,117,no,no,0,143.3,103,24.36,211.3,108,17.96,185.2,96,8.33,1,0,3182
2956,Cape Coral,239,117,no,no,0,184.8,83,31.42,248.6,101,21.13,133.1,113,5.99,1,0,1493
2959,Cape Coral,239,118,yes,yes,39,153.8,106,26.15,123.3,111,10.48,117.8,103,5.3,1,0,2855
2960,Cape Coral,239,119,no,no,0,98.8,97,16.8,146.9,68,12.49,190.7,105,8.58,3,0,8765
2961,Cape Coral,239,119,no,no,0,134.9,70,22.93,211.5,74,17.98,188.5,105,8.48,1,0,5301
2962,Cape Coral,239,119,no,yes,23,154.0,114,26.18,278.0,137,23.63,228.4,112,10.28,2,0,1687
2963,Cape Coral,239,120,no,no,0,185.7,133,31.57,235.1,149,19.98,256.4,78,11.54,0,0,3404
2964,Cape Coral,239,120,no,no,0,252.0,120,42.84,150.2,106,12.77,151.8,96,6.83,2,0,8283
2965,Cape Coral,239,120,no,yes,28,215.8,123,36.69,285.2,76,24.24,192.1,78,8.64,1,0,9620
2966,Cape Coral,239,120,no,yes,33,299.5,83,50.92,163.4,84,13.89,146.7,88,6.6,0,0,6743
2967,Cape Coral,239,120,no,yes,39,200.3,68,34.05,220.4,97,18.73,253.8,116,11.42,0,0,3534
2969,Cape Coral,239,121,no,no,0,150.7,105,25.62,197.3,133,16.77,169.0,116,7.61,1,0,5438
2971,Cape Coral,239,121,no,yes,41,215.5,95,36.64,241.8,92,20.55,147.0,108,6.61,1,0,2348
2972,Cape Coral,239,122,no,no,0,141.4,128,24.04,146.4,70,12.44,123.0,75,5.54,0,0,6580
2974,Cape Coral,239,123,no,no,0,150.0,98,25.5,89.8,95,7.63,326.0,91,14.67,3,0,6208
2976,Cape Coral,239,124,no,no,0,191.3,134,32.52,261.5,113,22.23,182.3,111,8.2,1,0,9223
2977,Cape Coral,239,124,no,no,0,194.0,103,32.98,241.0,116,20.49,227.5,153,10.24,0,0,3349
2978,Cape Coral,239,125,no,yes,36,201.3,117,34.22,42.2,78,3.59,125.7,104,5.66,1,0,5059
2981,Cape Coral,239,126,no,yes,31,278.0,88,47.26,253.2,65,21.52,223.2,114,10.04,0,0,5295
2982,Cape Coral,239,127,no,no,,221.0,100,37.57,160.7,113,13.66,233.1,96,10.49,2,0,2931
2983,Cape Coral,239,127,no,yes,25,173.0,91,29.41,245.8,64,20.89,300.0,99,13.5,0,0,1246
2985,Cape Coral,239,128,no,no,0,148.5,105,25.25,243.0,106,20.66,255.2,114,11.48,1,0,9266
2986,Cape Coral,239,128,no,no,0,187.3,84,31.84,270.8,95,23.02,206.4,68,9.29,1,0,5067
2988,Cape Coral,239,128,no,yes,34,142.3,73,24.19,194.8,79,16.56,239.3,81,10.77,1,0,8048
2989,Cape Coral,239,129,no,no,0,54.7,131,9.3,256.1,105,21.77,176.6,135,7.95,1,0,5113
2990,Cape Coral,239,129,no,yes,31,193.0,99,32.81,224.8,87,19.11,197.6,91,8.89,2,0,6892
2991,Cape Coral,239,129,yes,no,0,267.4,78,45.46,204.2,85,17.36,111.7,146,5.03,1,0,4992
2992,Cape Coral,239,130,no,no,0,154.0,95,26.18,205.9,106,17.5,233.7,75,10.52,1,0,9446
2993,Cape Coral,239,131,no,no,0,240.9,108,40.95,167.4,91,14.23,322.2,109,14.5,3,0,4633
2994,Cape Coral,239,131,no,no,0,263.4,123,44.78,151.9,74,12.91,218.5,101,9.83,2,0,9984
2995,Cape Coral,239,131,no,yes,34,156.6,134,26.62,71.0,95,6.04,261.7,120,11.78,1,0,9240
2996,Cape Coral,239,132,no,no,0,190.1,105,32.32,182.2,116,15.49,279.8,105,12.59,1,0,9973
2997,Cape Coral,239,132,no,no,0,195.1,100,33.17,148.8,95,12.65,224.5,117,10.1,0,0,8465
2998,Cape Coral,239,132,no,yes,15,154.6,128,26.28,245.6,106,20.88,148.6,90,6.69,1,0,3335
2999,Cape Coral,239,132,no,yes,25,113.2,96,19.24,269.9,107,22.94,229.1,87,10.31,2,0,5372
3000,Cape Coral,239,133,no,no,0,176.8,92,30.06,187.5,97,15.94,196.8,88,8.86,,0,8996
3002,Cape Coral,239,134,no,no,0,244.1,99,41.5,246.9,111,20.99,200.0,133,9.0,0,0,7446
3005,Cape Coral,239,136,no,yes,35,205.5,86,34.94,298.5,119,25.37,214.2,104,9.64,1,0,7216
3007,Cape Coral,239,138,no,no,0,251.0,119,42.67,91.2,96,7.75,142.2,87,6.4,3,0,7521
3009,Cape Coral,239,139,no,yes,43,231.0,85,39.27,222.3,82,18.9,148.0,105,6.66,2,0,2408
3010,Cape Coral,239,140,no,no,0,160.5,114,27.29,240.5,103,20.44,233.5,121,10.51,1,0,3990
3011,Cape Coral,239,140,no,no,0,231.9,101,39.42,160.1,94,13.61,110.4,98,4.97,3,0,9097
3012,Cape Coral,239,141,no,yes,36,187.5,99,31.88,241.4,116,20.52,229.5,105,10.33,3,0,4710
3014,Cape Coral,239,144,no,yes,18,106.4,109,18.09,108.1,113,9.19,208.4,111,9.38,1,0,3813
3015,Cape Coral,239,144,no,yes,33,251.6,87,42.77,197.6,118,16.8,209.2,97,9.41,2,0,3476
3016,Cape Coral,239,145,no,no,0,187.9,110,31.94,197.0,117,16.75,167.0,108,7.52,,0,4288
3017,Cape Coral,239,145,no,yes,24,147.5,90,25.08,175.7,108,14.93,252.1,102,11.34,2,0,1194
3018,Cape Coral,239,145,yes,yes,30,175.3,107,29.8,153.3,116,13.03,233.6,85,10.51,1,0,6398
3019,Cape Coral,239,148,no,no,0,178.3,98,30.31,282.6,110,24.02,181.0,98,8.15,1,0,2879
3020,Cape Coral,239,148,no,no,0,216.2,95,36.75,185.7,105,15.78,300.0,143,13.5,2,0,9643
3021,Cape Coral,239,148,no,yes,26,158.7,91,26.98,160.5,127,13.64,218.3,88,9.82,1,0,2418
3022,Cape Coral,239,149,no,no,0,237.6,79,40.39,192.4,107,16.35,207.4,111,9.33,0,0,4323
3023,Cape Coral,239,149,no,yes,20,264.4,102,44.95,219.6,123,18.67,200.4,89,9.02,2,0,6659
3024,Cape Coral,239,150,no,no,0,189.3,77,32.18,220.9,105,18.78,238.7,117,10.74,4,0,8549
3025,Cape Coral,239,151,no,no,0,175.3,106,29.8,144.3,87,12.27,160.2,88,7.21,0,0,5303
3026,Cape Coral,239,152,no,yes,20,239.1,105,40.65,209.1,111,17.77,268.2,130,12.07,5,0,7077
3028,Cape Coral,239,155,no,no,0,184.6,102,31.38,196.0,117,16.66,226.5,122,10.19,1,0,2201
3029,Cape Coral,239,155,no,yes,39,183.3,106,31.16,205.1,101,17.43,263.7,90,11.87,1,0,4880
3030,Cape Coral,239,158,no,no,0,195.9,103,33.3,89.1,95,7.57,302.2,82,13.6,1,0,5569
3032,Cape Coral,239,160,no,no,0,256.0,111,43.52,187.4,61,15.93,119.1,81,5.36,3,0,3338
3033,Cape Coral,239,161,no,no,0,105.4,70,17.92,214.8,122,18.26,223.6,126,10.06,0,0,7096
3036,Cape Coral,239,162,no,no,0,135.2,98,22.98,242.0,107,20.57,246.9,96,11.11,2,0,8747
3037,Cape Coral,239,163,no,no,0,202.9,100,34.49,178.6,46,15.18,203.8,116,9.17,5,0,8342
3038,Cape Coral,239,163,no,yes,40,231.9,56,39.42,211.8,91,18.0,268.5,74,12.08,2,0,8122
3039,Cape Coral,239,164,no,yes,30,238.8,100,40.6,230.0,121,19.55,206.3,66,9.28,1,0,3051
3040,Cape Coral,239,166,no,no,0,197.9,89,33.64,251.0,113,21.34,138.3,85,6.22,2,0,8433
3041,Cape Coral,239,166,no,no,0,203.4,81,34.58,167.7,110,14.25,132.0,124,5.94,2,0,4005
3042,Cape Coral,239,166,no,no,0,274.3,110,46.63,52.9,109,4.5,246.1,119,11.07,0,0,9492
3043,Cape Coral,239,171,no,no,0,231.2,135,39.3,188.7,74,16.04,206.9,124,9.31,1,0,8025
3045,Cape Coral,239,186,no,no,0,137.8,97,23.43,187.7,118,15.95,146.4,85,6.59,1,0,6454
3046,Cape Coral,239,186,no,yes,26,74.3,107,12.63,177.3,116,15.07,296.3,90,13.33,2,0,3913
3047,Cape Coral,239,189,no,no,0,227.8,124,38.73,169.5,112,14.41,201.1,91,9.05,3,0,6501
3048,Cape Coral,239,190,no,no,0,150.9,86,25.65,268.6,129,22.83,179.9,73,8.1,1,0,1096
3049,Cape Coral,239,199,no,yes,34,230.6,121,39.2,219.4,99,18.65,299.3,94,13.47,0,0,6733
